{"features":[{"geometry":{"coordinates":[[[-46.8780638,-18.5011314],[-46.8780638,-18.501214],[-46.8781674,-18.501214],[-46.8781674,-18.5016267],[-46.8782711,-18.5016267],[-46.8782711,-18.5017093],[-46.8783747,-18.5017093],[-46.8783747,-18.5017918],[-46.8781674,-18.5017918],[-46.8781674,-18.5020394],[-46.8782711,-18.5020394],[-46.8782711,-18.5022045],[-46.8783747,-18.5022045],[-46.8783747,-18.5022871],[-46.8784784,-18.5022871],[-46.8784784,-18.502122],[-46.8783747,-18.502122],[-46.8783747,-18.5018743],[-46.8784784,-18.5018743],[-46.8784784,-18.5020394],[-46.878582,-18.5020394],[-46.878582,-18.502122],[-46.8786856,-18.502122],[-46.8786856,-18.5024522],[-46.8788929,-18.5024522],[-46.8788929,-18.5026173],[-46.8789966,-18.5026173],[-46.8789966,-18.5027824],[-46.8791002,-18.5027824],[-46.8791002,-18.5029475],[-46.8793075,-18.5029475],[-46.8793075,-18.50303],[-46.8794111,-18.50303],[-46.8794111,-18.5031951],[-46.8795148,-18.5031951],[-46.8795148,-18.5033602],[-46.8796184,-18.5033602],[-46.8796184,-18.5034428],[-46.8797221,-18.5034428],[-46.8797221,-18.5036904],[-46.8798257,-18.5036904],[-46.8798257,-18.5038555],[-46.8799293,-18.5038555],[-46.8799293,-18.5040206],[-46.880033,-18.5040206],[-46.880033,-18.5041857],[-46.8801366,-18.5041857],[-46.8801366,-18.5043508],[-46.8802403,-18.5043508],[-46.8802403,-18.5044333],[-46.8804475,-18.5044333],[-46.8804475,-18.5045159],[-46.8803439,-18.5045159],[-46.8803439,-18.5045984],[-46.8802403,-18.5045984],[-46.8802403,-18.5047635],[-46.8801366,-18.5047635],[-46.8801366,-18.5044333],[-46.880033,-18.5044333],[-46.880033,-18.5045159],[-46.8799293,-18.5045159],[-46.8799293,-18.5045984],[-46.8798257,-18.5045984],[-46.8798257,-18.504681],[-46.8797221,-18.504681],[-46.8797221,-18.5045159],[-46.8796184,-18.5045159],[-46.8796184,-18.504681],[-46.8795148,-18.504681],[-46.8795148,-18.5050112],[-46.8794111,-18.5050112],[-46.8794111,-18.5048461],[-46.8791002,-18.5048461],[-46.8791002,-18.5050112],[-46.8789966,-18.5050112],[-46.8789966,-18.5050937],[-46.8786856,-18.5050937],[-46.8786856,-18.5051763],[-46.8784784,-18.5051763],[-46.8784784,-18.5054239],[-46.8783747,-18.5054239],[-46.8783747,-18.5053414],[-46.8782711,-18.5053414],[-46.8782711,-18.5055065],[-46.8781674,-18.5055065],[-46.8781674,-18.5054239],[-46.8780638,-18.5054239],[-46.8780638,-18.5055065],[-46.8779601,-18.5055065],[-46.8779601,-18.5053414],[-46.8778565,-18.5053414],[-46.8778565,-18.5033602],[-46.8779601,-18.5033602],[-46.8779601,-18.5031126],[-46.8778565,-18.5031126],[-46.8778565,-18.5026998],[-46.8779601,-18.5026998],[-46.8779601,-18.5026173],[-46.8778565,-18.5026173],[-46.8778565,-18.5025347],[-46.8779601,-18.5025347],[-46.8779601,-18.5024522],[-46.8778565,-18.5024522],[-46.8778565,-18.5011314],[-46.8780638,-18.5011314]],[[-46.8783747,-18.5023696],[-46.8782711,-18.5023696],[-46.8782711,-18.5025347],[-46.8783747,-18.5025347],[-46.8783747,-18.5023696]],[[-46.8789966,-18.5027824],[-46.8788929,-18.5027824],[-46.8788929,-18.5028649],[-46.8789966,-18.5028649],[-46.8789966,-18.5027824]],[[-46.8794111,-18.5036078],[-46.8792038,-18.5036078],[-46.8792038,-18.5037729],[-46.8791002,-18.5037729],[-46.8791002,-18.5038555],[-46.8792038,-18.5038555],[-46.8792038,-18.5040206],[-46.8794111,-18.5040206],[-46.8794111,-18.503938],[-46.8795148,-18.503938],[-46.8795148,-18.5036904],[-46.8794111,-18.5036904],[-46.8794111,-18.5036078]],[[-46.8788929,-18.5036078],[-46.8787893,-18.5036078],[-46.8787893,-18.5036904],[-46.8788929,-18.5036904],[-46.8788929,-18.5036078]],[[-46.8789966,-18.5037729],[-46.8786856,-18.5037729],[-46.8786856,-18.503938],[-46.878582,-18.503938],[-46.878582,-18.5041031],[-46.8786856,-18.5041031],[-46.8786856,-18.5041857],[-46.8787893,-18.5041857],[-46.8787893,-18.5041031],[-46.8789966,-18.5041031],[-46.8789966,-18.5037729]]],"type":"Polygon"},"properties":{},"type":"Feature"},{"geometry":{"coordinates":[[[-46.8780638,-18.5064145],[-46.8780638,-18.5064971],[-46.878582,-18.5064971],[-46.878582,-18.5066622],[-46.8789966,-18.5066622],[-46.8789966,-18.5068273],[-46.8793075,-18.5068273],[-46.8793075,-18.5069924],[-46.8796184,-18.5069924],[-46.8796184,-18.5069098],[-46.8797221,-18.5069098],[-46.8797221,-18.5069924],[-46.8799293,-18.5069924],[-46.8799293,-18.5070749],[-46.880033,-18.5070749],[-46.880033,-18.50724],[-46.8807585,-18.50724],[-46.8807585,-18.5073226],[-46.8808621,-18.5073226],[-46.8808621,-18.5074051],[-46.881173,-18.5074051],[-46.881173,-18.5073226],[-46.8812767,-18.5073226],[-46.8812767,-18.5074051],[-46.8813803,-18.5074051],[-46.8813803,-18.5073226],[-46.881484,-18.5073226],[-46.881484,-18.50724],[-46.8815876,-18.50724],[-46.8815876,-18.5073226],[-46.8816912,-18.5073226],[-46.8816912,-18.50724],[-46.8817949,-18.50724],[-46.8817949,-18.5074051],[-46.8823131,-18.5074051],[-46.8823131,-18.5075702],[-46.8822095,-18.5075702],[-46.8822095,-18.5076528],[-46.8820022,-18.5076528],[-46.8820022,-18.5077353],[-46.8817949,-18.5077353],[-46.8817949,-18.5079004],[-46.881484,-18.5079004],[-46.881484,-18.5080655],[-46.8813803,-18.5080655],[-46.8813803,-18.5081481],[-46.8815876,-18.5081481],[-46.8815876,-18.5080655],[-46.8818985,-18.5080655],[-46.8818985,-18.5081481],[-46.8820022,-18.5081481],[-46.8820022,-18.5080655],[-46.8821058,-18.5080655],[-46.8821058,-18.5084783],[-46.8824167,-18.5084783],[-46.8824167,-18.5085608],[-46.8825204,-18.5085608],[-46.8825204,-18.5088085],[-46.8827277,-18.5088085],[-46.8827277,-18.5087259],[-46.8830386,-18.5087259],[-46.8830386,-18.5088085],[-46.8831422,-18.5088085],[-46.8831422,-18.5090561],[-46.8828313,-18.5090561],[-46.8828313,-18.5091387],[-46.8827277,-18.5091387],[-46.8827277,-18.5093038],[-46.882624,-18.5093038],[-46.882624,-18.5092212],[-46.8825204,-18.5092212],[-46.8825204,-18.5091387],[-46.8824167,-18.5091387],[-46.8824167,-18.5092212],[-46.8822095,-18.5092212],[-46.8822095,-18.5091387],[-46.8817949,-18.5091387],[-46.8817949,-18.5093038],[-46.881484,-18.5093038],[-46.881484,-18.5094689],[-46.8813803,-18.5094689],[-46.8813803,-18.5093863],[-46.8812767,-18.5093863],[-46.8812767,-18.5094689],[-46.8809658,-18.5094689],[-46.8809658,-18.5095514],[-46.8807585,-18.5095514],[-46.8807585,-18.509634],[-46.8806548,-18.509634],[-46.8806548,-18.5097165],[-46.8805512,-18.5097165],[-46.8805512,-18.5097991],[-46.8804475,-18.5097991],[-46.8804475,-18.5098816],[-46.8803439,-18.5098816],[-46.8803439,-18.5099642],[-46.8802403,-18.5099642],[-46.8802403,-18.5100467],[-46.8798257,-18.5100467],[-46.8798257,-18.5102118],[-46.8796184,-18.5102118],[-46.8796184,-18.5101293],[-46.8794111,-18.5101293],[-46.8794111,-18.5103769],[-46.8791002,-18.5103769],[-46.8791002,-18.5104595],[-46.8789966,-18.5104595],[-46.8789966,-18.5103769],[-46.8788929,-18.5103769],[-46.8788929,-18.5102944],[-46.8789966,-18.5102944],[-46.8789966,-18.5102118],[-46.8791002,-18.5102118],[-46.8791002,-18.5101293],[-46.8792038,-18.5101293],[-46.8792038,-18.5100467],[-46.8793075,-18.5100467],[-46.8793075,-18.5098816],[-46.8792038,-18.5098816],[-46.8792038,-18.5097991],[-46.8791002,-18.5097991],[-46.8791002,-18.5097165],[-46.8789966,-18.5097165],[-46.8789966,-18.5094689],[-46.8791002,-18.5094689],[-46.8791002,-18.5093863],[-46.8794111,-18.5093863],[-46.8794111,-18.5094689],[-46.8798257,-18.5094689],[-46.8798257,-18.5092212],[-46.8795148,-18.5092212],[-46.8795148,-18.5091387],[-46.8794111,-18.5091387],[-46.8794111,-18.5089736],[-46.8791002,-18.5089736],[-46.8791002,-18.5092212],[-46.8789966,-18.5092212],[-46.8789966,-18.5093038],[-46.8788929,-18.5093038],[-46.8788929,-18.5092212],[-46.8781674,-18.5092212],[-46.8781674,-18.5091387],[-46.8782711,-18.5091387],[-46.8782711,-18.5090561],[-46.8783747,-18.5090561],[-46.8783747,-18.5089736],[-46.8784784,-18.5089736],[-46.8784784,-18.5086434],[-46.8786856,-18.5086434],[-46.8786856,-18.5087259],[-46.8788929,-18.5087259],[-46.8788929,-18.5086434],[-46.8789966,-18.5086434],[-46.8789966,-18.5087259],[-46.8791002,-18.5087259],[-46.8791002,-18.5088085],[-46.8792038,-18.5088085],[-46.8792038,-18.508891],[-46.8794111,-18.508891],[-46.8794111,-18.5088085],[-46.8795148,-18.5088085],[-46.8795148,-18.5087259],[-46.8799293,-18.5087259],[-46.8799293,-18.5086434],[-46.880033,-18.5086434],[-46.880033,-18.5084783],[-46.8801366,-18.5084783],[-46.8801366,-18.5083957],[-46.8799293,-18.5083957],[-46.8799293,-18.5084783],[-46.8794111,-18.5084783],[-46.8794111,-18.5081481],[-46.8792038,-18.5081481],[-46.8792038,-18.5077353],[-46.8793075,-18.5077353],[-46.8793075,-18.5075702],[-46.8794111,-18.5075702],[-46.8794111,-18.5074877],[-46.8796184,-18.5074877],[-46.8796184,-18.5074051],[-46.8797221,-18.5074051],[-46.8797221,-18.50724],[-46.8795148,-18.50724],[-46.8795148,-18.5073226],[-46.8794111,-18.5073226],[-46.8794111,-18.50724],[-46.8789966,-18.50724],[-46.8789966,-18.5070749],[-46.8786856,-18.5070749],[-46.8786856,-18.5071575],[-46.8782711,-18.5071575],[-46.8782711,-18.5073226],[-46.8781674,-18.5073226],[-46.8781674,-18.5074051],[-46.8780638,-18.5074051],[-46.8780638,-18.5077353],[-46.8779601,-18.5077353],[-46.8779601,-18.5064145],[-46.8780638,-18.5064145]],[[-46.8781674,-18.5065796],[-46.8780638,-18.5065796],[-46.8780638,-18.5066622],[-46.8781674,-18.5066622],[-46.8781674,-18.5065796]],[[-46.8799293,-18.50724],[-46.8798257,-18.50724],[-46.8798257,-18.5074051],[-46.8799293,-18.5074051],[-46.8799293,-18.50724]],[[-46.881484,-18.5077353],[-46.8813803,-18.5077353],[-46.8813803,-18.5078179],[-46.881484,-18.5078179],[-46.881484,-18.5077353]],[[-46.8808621,-18.5077353],[-46.8805512,-18.5077353],[-46.8805512,-18.5079004],[-46.8810694,-18.5079004],[-46.8810694,-18.5078179],[-46.8808621,-18.5078179],[-46.8808621,-18.5077353]],[[-46.8813803,-18.5078179],[-46.8812767,-18.5078179],[-46.8812767,-18.5079004],[-46.8813803,-18.5079004],[-46.8813803,-18.5078179]],[[-46.8812767,-18.5079004],[-46.881173,-18.5079004],[-46.881173,-18.507983],[-46.8812767,-18.507983],[-46.8812767,-18.5079004]],[[-46.8818985,-18.5081481],[-46.8817949,-18.5081481],[-46.8817949,-18.5082306],[-46.8818985,-18.5082306],[-46.8818985,-18.5081481]],[[-46.8818985,-18.5086434],[-46.8817949,-18.5086434],[-46.8817949,-18.5090561],[-46.8818985,-18.5090561],[-46.8818985,-18.5086434]],[[-46.8799293,-18.5091387],[-46.8798257,-18.5091387],[-46.8798257,-18.5092212],[-46.8799293,-18.5092212],[-46.8799293,-18.5091387]],[[-46.8807585,-18.5092212],[-46.8806548,-18.5092212],[-46.8806548,-18.5093038],[-46.8807585,-18.5093038],[-46.8807585,-18.5092212]],[[-46.8801366,-18.5098816],[-46.880033,-18.5098816],[-46.880033,-18.5099642],[-46.8801366,-18.5099642],[-46.8801366,-18.5098816]]],"type":"Polygon"},"properties":{},"type":"Feature"},{"geometry":{"coordinates":[[[-46.8780638,-18.5078179],[-46.8780638,-18.5079004],[-46.8779601,-18.5079004],[-46.8779601,-18.5078179],[-46.8780638,-18.5078179]]],"type":"Polygon"},"properties":{},"type":"Feature"},{"geometry":{"coordinates":[[[-46.8780638,-18.510542],[-46.8780638,-18.5107071],[-46.8779601,-18.5107071],[-46.8779601,-18.510542],[-46.8780638,-18.510542]]],"type":"Polygon"},"properties":{},"type":"Feature"},{"geometry":{"coordinates":[[[-46.8780638,-18.5111199],[-46.8780638,-18.5112024],[-46.8779601,-18.5112024],[-46.8779601,-18.5111199],[-46.8780638,-18.5111199]]],"type":"Polygon"},"properties":{},"type":"Feature"},{"geometry":{"coordinates":[[[-46.8782711,-18.5230903],[-46.8782711,-18.5231728],[-46.8781674,-18.5231728],[-46.8781674,-18.5232554],[-46.8791002,-18.5232554],[-46.8791002,-18.5233379],[-46.8789966,-18.5233379],[-46.8789966,-18.5234205],[-46.8797221,-18.5234205],[-46.8797221,-18.5235031],[-46.8808621,-18.5235031],[-46.8808621,-18.5234205],[-46.8809658,-18.5234205],[-46.8809658,-18.5235856],[-46.881173,-18.5235856],[-46.881173,-18.5236682],[-46.8812767,-18.5236682],[-46.8812767,-18.5237507],[-46.881173,-18.5237507],[-46.881173,-18.5239159],[-46.8810694,-18.5239159],[-46.8810694,-18.524081],[-46.8809658,-18.524081],[-46.8809658,-18.5244938],[-46.881173,-18.5244938],[-46.881173,-18.5245763],[-46.8812767,-18.5245763],[-46.8812767,-18.524824],[-46.881484,-18.524824],[-46.881484,-18.5246589],[-46.8815876,-18.5246589],[-46.8815876,-18.5245763],[-46.881484,-18.5245763],[-46.881484,-18.5244938],[-46.8813803,-18.5244938],[-46.8813803,-18.5244112],[-46.8812767,-18.5244112],[-46.8812767,-18.5241635],[-46.8813803,-18.5241635],[-46.8813803,-18.5237507],[-46.881484,-18.5237507],[-46.881484,-18.5235856],[-46.8816912,-18.5235856],[-46.8816912,-18.5235031],[-46.8820022,-18.5235031],[-46.8820022,-18.5236682],[-46.8823131,-18.5236682],[-46.8823131,-18.5237507],[-46.8822095,-18.5237507],[-46.8822095,-18.524081],[-46.8823131,-18.524081],[-46.8823131,-18.5241635],[-46.8822095,-18.5241635],[-46.8822095,-18.5242461],[-46.8823131,-18.5242461],[-46.8823131,-18.5243286],[-46.8824167,-18.5243286],[-46.8824167,-18.5254019],[-46.8825204,-18.5254019],[-46.8825204,-18.5257321],[-46.8824167,-18.5257321],[-46.8824167,-18.5261449],[-46.8825204,-18.5261449],[-46.8825204,-18.5259798],[-46.8827277,-18.5259798],[-46.8827277,-18.5258972],[-46.8828313,-18.5258972],[-46.8828313,-18.5257321],[-46.8827277,-18.5257321],[-46.8827277,-18.525567],[-46.882624,-18.525567],[-46.882624,-18.5250717],[-46.8825204,-18.5250717],[-46.8825204,-18.5249891],[-46.8827277,-18.5249891],[-46.8827277,-18.5246589],[-46.882624,-18.5246589],[-46.882624,-18.5242461],[-46.8827277,-18.5242461],[-46.8827277,-18.5245763],[-46.8832459,-18.5245763],[-46.8832459,-18.5244112],[-46.8833495,-18.5244112],[-46.8833495,-18.5244938],[-46.8835568,-18.5244938],[-46.8835568,-18.5244112],[-46.8837641,-18.5244112],[-46.8837641,-18.5244938],[-46.8838677,-18.5244938],[-46.8838677,-18.5245763],[-46.8837641,-18.5245763],[-46.8837641,-18.5246589],[-46.8836604,-18.5246589],[-46.8836604,-18.5247414],[-46.8835568,-18.5247414],[-46.8835568,-18.5249065],[-46.8834532,-18.5249065],[-46.8834532,-18.5249891],[-46.8833495,-18.5249891],[-46.8833495,-18.5257321],[-46.8834532,-18.5257321],[-46.8834532,-18.5258972],[-46.8832459,-18.5258972],[-46.8832459,-18.5261449],[-46.8830386,-18.5261449],[-46.8830386,-18.52631],[-46.8827277,-18.52631],[-46.8827277,-18.5266403],[-46.882624,-18.5266403],[-46.882624,-18.5273007],[-46.8825204,-18.5273007],[-46.8825204,-18.5273833],[-46.8827277,-18.5273833],[-46.8827277,-18.5275484],[-46.8830386,-18.5275484],[-46.8830386,-18.527631],[-46.8831422,-18.527631],[-46.8831422,-18.5277961],[-46.8830386,-18.5277961],[-46.8830386,-18.5278787],[-46.8829349,-18.5278787],[-46.8829349,-18.5279612],[-46.8828313,-18.5279612],[-46.8828313,-18.5286217],[-46.8827277,-18.5286217],[-46.8827277,-18.5287043],[-46.8825204,-18.5287043],[-46.8825204,-18.5286217],[-46.8824167,-18.5286217],[-46.8824167,-18.528374],[-46.8825204,-18.528374],[-46.8825204,-18.5282915],[-46.882624,-18.5282915],[-46.882624,-18.5281263],[-46.8825204,-18.5281263],[-46.8825204,-18.5279612],[-46.8822095,-18.5279612],[-46.8822095,-18.5278787],[-46.8820022,-18.5278787],[-46.8820022,-18.5280438],[-46.8818985,-18.5280438],[-46.8818985,-18.5279612],[-46.8817949,-18.5279612],[-46.8817949,-18.5278787],[-46.8818985,-18.5278787],[-46.8818985,-18.5273833],[-46.8816912,-18.5273833],[-46.8816912,-18.5275484],[-46.8815876,-18.5275484],[-46.8815876,-18.5279612],[-46.881484,-18.5279612],[-46.881484,-18.5280438],[-46.8815876,-18.5280438],[-46.8815876,-18.5281263],[-46.8817949,-18.5281263],[-46.8817949,-18.5282089],[-46.8818985,-18.5282089],[-46.8818985,-18.5286217],[-46.8821058,-18.5286217],[-46.8821058,-18.5287868],[-46.8822095,-18.5287868],[-46.8822095,-18.5289519],[-46.8821058,-18.5289519],[-46.8821058,-18.5288694],[-46.8817949,-18.5288694],[-46.8817949,-18.5289519],[-46.8816912,-18.5289519],[-46.8816912,-18.5287868],[-46.8817949,-18.5287868],[-46.8817949,-18.5286217],[-46.8816912,-18.5286217],[-46.8816912,-18.5282915],[-46.8815876,-18.5282915],[-46.8815876,-18.5288694],[-46.881484,-18.5288694],[-46.881484,-18.529695],[-46.8815876,-18.529695],[-46.8815876,-18.5298601],[-46.881484,-18.5298601],[-46.881484,-18.5301903],[-46.8815876,-18.5301903],[-46.8815876,-18.530438],[-46.881484,-18.530438],[-46.881484,-18.5306031],[-46.8815876,-18.5306031],[-46.8815876,-18.5313462],[-46.881484,-18.5313462],[-46.881484,-18.531759],[-46.8813803,-18.531759],[-46.8813803,-18.5318416],[-46.881484,-18.5318416],[-46.881484,-18.5320892],[-46.8813803,-18.5320892],[-46.8813803,-18.5320067],[-46.8812767,-18.5320067],[-46.8812767,-18.5321718],[-46.881173,-18.5321718],[-46.881173,-18.5323369],[-46.8810694,-18.5323369],[-46.8810694,-18.5325021],[-46.8809658,-18.5325021],[-46.8809658,-18.5325846],[-46.8808621,-18.5325846],[-46.8808621,-18.5327497],[-46.8807585,-18.5327497],[-46.8807585,-18.5328323],[-46.8805512,-18.5328323],[-46.8805512,-18.5329149],[-46.8804475,-18.5329149],[-46.8804475,-18.5329974],[-46.8798257,-18.5329974],[-46.8798257,-18.5329149],[-46.8797221,-18.5329149],[-46.8797221,-18.5329974],[-46.8796184,-18.5329974],[-46.8796184,-18.53308],[-46.8794111,-18.53308],[-46.8794111,-18.5329974],[-46.8787893,-18.5329974],[-46.8787893,-18.5328323],[-46.8781674,-18.5328323],[-46.8781674,-18.5243286],[-46.8780638,-18.5243286],[-46.8780638,-18.5230903],[-46.8782711,-18.5230903]],[[-46.8821058,-18.5244112],[-46.8820022,-18.5244112],[-46.8820022,-18.5244938],[-46.8821058,-18.5244938],[-46.8821058,-18.5244112]],[[-46.8831422,-18.5249065],[-46.8830386,-18.5249065],[-46.8830386,-18.5249891],[-46.8828313,-18.5249891],[-46.8828313,-18.5250717],[-46.8829349,-18.5250717],[-46.8829349,-18.5251542],[-46.8831422,-18.5251542],[-46.8831422,-18.5249065]],[[-46.8831422,-18.5253193],[-46.8830386,-18.5253193],[-46.8830386,-18.5254019],[-46.8831422,-18.5254019],[-46.8831422,-18.5253193]],[[-46.8825204,-18.5262275],[-46.8824167,-18.5262275],[-46.8824167,-18.52631],[-46.8825204,-18.52631],[-46.8825204,-18.5262275]]],"type":"Polygon"},"properties":{},"type":"Feature"},{"geometry":{"coordinates":[[[-46.8784784,-18.5187974],[-46.8784784,-18.5191276],[-46.8783747,-18.5191276],[-46.8783747,-18.5192927],[-46.8781674,-18.5192927],[-46.8781674,-18.5191276],[-46.8782711,-18.5191276],[-46.8782711,-18.5188799],[-46.8783747,-18.5188799],[-46.8783747,-18.5187974],[-46.8784784,-18.5187974]]],"type":"Polygon"},"properties":{},"type":"Feature"},{"geometry":{"coordinates":[[[-46.878582,-18.5184671],[-46.878582,-18.5185497],[-46.8784784,-18.5185497],[-46.8784784,-18.5184671],[-46.878582,-18.5184671]]],"type":"Polygon"},"properties":{},"type":"Feature"},{"geometry":{"coordinates":[[[-46.8786856,-18.5106246],[-46.8786856,-18.5107897],[-46.8788929,-18.5107897],[-46.8788929,-18.5107071],[-46.8789966,-18.5107071],[-46.8789966,-18.5108722],[-46.8791002,-18.5108722],[-46.8791002,-18.5109548],[-46.8788929,-18.5109548],[-46.8788929,-18.5110373],[-46.8786856,-18.5110373],[-46.8786856,-18.5109548],[-46.8784784,-18.5109548],[-46.8784784,-18.5112024],[-46.8783747,-18.5112024],[-46.8783747,-18.5116152],[-46.8784784,-18.5116152],[-46.8784784,-18.5118629],[-46.8780638,-18.5118629],[-46.8780638,-18.5116977],[-46.8779601,-18.5116977],[-46.8779601,-18.5114501],[-46.8780638,-18.5114501],[-46.8780638,-18.5113675],[-46.8779601,-18.5113675],[-46.8779601,-18.511285],[-46.8781674,-18.511285],[-46.8781674,-18.5111199],[-46.8782711,-18.5111199],[-46.8782711,-18.5110373],[-46.8780638,-18.5110373],[-46.8780638,-18.5109548],[-46.8783747,-18.5109548],[-46.8783747,-18.5107897],[-46.878582,-18.5107897],[-46.878582,-18.5106246],[-46.8786856,-18.5106246]],[[-46.8787893,-18.5108722],[-46.8786856,-18.5108722],[-46.8786856,-18.5109548],[-46.8787893,-18.5109548],[-46.8787893,-18.5108722]]],"type":"Polygon"},"properties":{},"type":"Feature"},{"geometry":{"coordinates":[[[-46.8787893,-18.5102118],[-46.8787893,-18.5103769],[-46.8786856,-18.5103769],[-46.8786856,-18.5102118],[-46.8787893,-18.5102118]]],"type":"Polygon"},"properties":{},"type":"Feature"},{"geometry":{"coordinates":[[[-46.8787893,-18.5229252],[-46.8787893,-18.5230077],[-46.8786856,-18.5230077],[-46.8786856,-18.5229252],[-46.8787893,-18.5229252]]],"type":"Polygon"},"properties":{},"type":"Feature"},{"geometry":{"coordinates":[[[-46.8788929,-18.5121105],[-46.8788929,-18.5121931],[-46.8791002,-18.5121931],[-46.8791002,-18.5126058],[-46.8788929,-18.5126058],[-46.8788929,-18.5125233],[-46.8787893,-18.5125233],[-46.8787893,-18.5121931],[-46.8786856,-18.5121931],[-46.8786856,-18.5121105],[-46.8788929,-18.5121105]]],"type":"Polygon"},"properties":{},"type":"Feature"},{"geometry":{"coordinates":[[[-46.8788929,-18.5206136],[-46.8788929,-18.5206961],[-46.8789966,-18.5206961],[-46.8789966,-18.5207787],[-46.8791002,-18.5207787],[-46.8791002,-18.5209438],[-46.8792038,-18.5209438],[-46.8792038,-18.5208612],[-46.8793075,-18.5208612],[-46.8793075,-18.5209438],[-46.8794111,-18.5209438],[-46.8794111,-18.521274],[-46.8796184,-18.521274],[-46.8796184,-18.5211089],[-46.8799293,-18.5211089],[-46.8799293,-18.5211915],[-46.8798257,-18.5211915],[-46.8798257,-18.521274],[-46.8797221,-18.521274],[-46.8797221,-18.5213566],[-46.8796184,-18.5213566],[-46.8796184,-18.5214391],[-46.8795148,-18.5214391],[-46.8795148,-18.5216043],[-46.8797221,-18.5216043],[-46.8797221,-18.5218519],[-46.8798257,-18.5218519],[-46.8798257,-18.522017],[-46.8797221,-18.522017],[-46.8797221,-18.5221821],[-46.8796184,-18.5221821],[-46.8796184,-18.5224298],[-46.8795148,-18.5224298],[-46.8795148,-18.5225949],[-46.8794111,-18.5225949],[-46.8794111,-18.5225124],[-46.8793075,-18.5225124],[-46.8793075,-18.5224298],[-46.8791002,-18.5224298],[-46.8791002,-18.5226775],[-46.8789966,-18.5226775],[-46.8789966,-18.5228426],[-46.8788929,-18.5228426],[-46.8788929,-18.52276],[-46.8787893,-18.52276],[-46.8787893,-18.5226775],[-46.8786856,-18.5226775],[-46.8786856,-18.52276],[-46.878582,-18.52276],[-46.878582,-18.5225949],[-46.8784784,-18.5225949],[-46.8784784,-18.52276],[-46.8783747,-18.52276],[-46.8783747,-18.5229252],[-46.8781674,-18.5229252],[-46.8781674,-18.5230077],[-46.8780638,-18.5230077],[-46.8780638,-18.521274],[-46.8781674,-18.521274],[-46.8781674,-18.5211915],[-46.8782711,-18.5211915],[-46.8782711,-18.5211089],[-46.8783747,-18.5211089],[-46.8783747,-18.5210264],[-46.8784784,-18.5210264],[-46.8784784,-18.5209438],[-46.878582,-18.5209438],[-46.878582,-18.5207787],[-46.8787893,-18.5207787],[-46.8787893,-18.5206136],[-46.8788929,-18.5206136]]],"type":"Polygon"},"properties":{},"type":"Feature"},{"geometry":{"coordinates":[[[-46.8789966,-18.5100467],[-46.8789966,-18.5101293],[-46.8788929,-18.5101293],[-46.8788929,-18.5100467],[-46.8789966,-18.5100467]]],"type":"Polygon"},"properties":{},"type":"Feature"},{"geometry":{"coordinates":[[[-46.8791002,-18.5181369],[-46.8791002,-18.5182195],[-46.8792038,-18.5182195],[-46.8792038,-18.518302],[-46.8791002,-18.518302],[-46.8791002,-18.5183846],[-46.8788929,-18.5183846],[-46.8788929,-18.5181369],[-46.8791002,-18.5181369]]],"type":"Polygon"},"properties":{},"type":"Feature"},{"geometry":{"coordinates":[[[-46.8792038,-18.52276],[-46.8792038,-18.5229252],[-46.8791002,-18.5229252],[-46.8791002,-18.52276],[-46.8792038,-18.52276]]],"type":"Polygon"},"properties":{},"type":"Feature"},{"geometry":{"coordinates":[[[-46.8794111,-18.5121105],[-46.8794111,-18.5121931],[-46.8795148,-18.5121931],[-46.8795148,-18.5122756],[-46.8796184,-18.5122756],[-46.8796184,-18.5123582],[-46.8797221,-18.5123582],[-46.8797221,-18.5124407],[-46.8794111,-18.5124407],[-46.8794111,-18.5123582],[-46.8793075,-18.5123582],[-46.8793075,-18.5121105],[-46.8794111,-18.5121105]]],"type":"Polygon"},"properties":{},"type":"Feature"},{"geometry":{"coordinates":[[[-46.8794111,-18.5178067],[-46.8794111,-18.5179718],[-46.8793075,-18.5179718],[-46.8793075,-18.5178067],[-46.8794111,-18.5178067]]],"type":"Polygon"},"properties":{},"type":"Feature"},{"geometry":{"coordinates":[[[-46.8796184,-18.5208612],[-46.8796184,-18.5210264],[-46.8795148,-18.5210264],[-46.8795148,-18.5209438],[-46.8794111,-18.5209438],[-46.8794111,-18.5208612],[-46.8796184,-18.5208612]]],"type":"Polygon"},"properties":{},"type":"Feature"},{"geometry":{"coordinates":[[[-46.8796184,-18.5332451],[-46.8796184,-18.5333277],[-46.8798257,-18.5333277],[-46.8798257,-18.5334928],[-46.880033,-18.5334928],[-46.880033,-18.5336579],[-46.8804475,-18.5336579],[-46.8804475,-18.5337405],[-46.8805512,-18.5337405],[-46.8805512,-18.533823],[-46.8804475,-18.533823],[-46.8804475,-18.5340707],[-46.8805512,-18.5340707],[-46.8805512,-18.5349789],[-46.8804475,-18.5349789],[-46.8804475,-18.5352266],[-46.8803439,-18.5352266],[-46.8803439,-18.5353092],[-46.8802403,-18.5353092],[-46.8802403,-18.5354743],[-46.8803439,-18.5354743],[-46.8803439,-18.5355569],[-46.8802403,-18.5355569],[-46.8802403,-18.535722],[-46.8801366,-18.535722],[-46.8801366,-18.5360522],[-46.880033,-18.5360522],[-46.880033,-18.5361348],[-46.8801366,-18.5361348],[-46.8801366,-18.5363825],[-46.880033,-18.5363825],[-46.880033,-18.5364651],[-46.8801366,-18.5364651],[-46.8801366,-18.5366302],[-46.8793075,-18.5366302],[-46.8793075,-18.5365476],[-46.8791002,-18.5365476],[-46.8791002,-18.5364651],[-46.8789966,-18.5364651],[-46.8789966,-18.5363825],[-46.878582,-18.5363825],[-46.878582,-18.5364651],[-46.8782711,-18.5364651],[-46.8782711,-18.533823],[-46.8781674,-18.533823],[-46.8781674,-18.5332451],[-46.878582,-18.5332451],[-46.878582,-18.5333277],[-46.8789966,-18.5333277],[-46.8789966,-18.5334102],[-46.8791002,-18.5334102],[-46.8791002,-18.5333277],[-46.8794111,-18.5333277],[-46.8794111,-18.5332451],[-46.8796184,-18.5332451]]],"type":"Polygon"},"properties":{},"type":"Feature"},{"geometry":{"coordinates":[[[-46.8797221,-18.5053414],[-46.8797221,-18.5056716],[-46.8798257,-18.5056716],[-46.8798257,-18.5058367],[-46.8799293,-18.5058367],[-46.8799293,-18.5057541],[-46.8801366,-18.5057541],[-46.8801366,-18.505589],[-46.8802403,-18.505589],[-46.8802403,-18.5056716],[-46.8803439,-18.5056716],[-46.8803439,-18.5059192],[-46.8802403,-18.5059192],[-46.8802403,-18.5061669],[-46.8801366,-18.5061669],[-46.8801366,-18.5062494],[-46.8799293,-18.5062494],[-46.8799293,-18.5061669],[-46.8796184,-18.5061669],[-46.8796184,-18.5060843],[-46.8794111,-18.5060843],[-46.8794111,-18.5060018],[-46.8793075,-18.5060018],[-46.8793075,-18.5059192],[-46.8792038,-18.5059192],[-46.8792038,-18.5058367],[-46.8789966,-18.5058367],[-46.8789966,-18.5056716],[-46.8791002,-18.5056716],[-46.8791002,-18.505589],[-46.8788929,-18.505589],[-46.8788929,-18.5054239],[-46.8786856,-18.5054239],[-46.8786856,-18.5055065],[-46.878582,-18.5055065],[-46.878582,-18.5053414],[-46.8797221,-18.5053414]],[[-46.8793075,-18.5056716],[-46.8792038,-18.5056716],[-46.8792038,-18.5057541],[-46.8793075,-18.5057541],[-46.8793075,-18.5056716]],[[-46.8795148,-18.5057541],[-46.8793075,-18.5057541],[-46.8793075,-18.5058367],[-46.8795148,-18.5058367],[-46.8795148,-18.5057541]],[[-46.8796184,-18.5058367],[-46.8795148,-18.5058367],[-46.8795148,-18.5059192],[-46.8796184,-18.5059192],[-46.8796184,-18.5058367]]],"type":"Polygon"},"properties":{},"type":"Feature"},{"geometry":{"coordinates":[[[-46.8797221,-18.5159079],[-46.8797221,-18.5159905],[-46.8798257,-18.5159905],[-46.8798257,-18.5162382],[-46.8797221,-18.5162382],[-46.8797221,-18.5163207],[-46.8796184,-18.5163207],[-46.8796184,-18.5164033],[-46.8795148,-18.5164033],[-46.8795148,-18.5164858],[-46.8794111,-18.5164858],[-46.8794111,-18.5165684],[-46.8793075,-18.5165684],[-46.8793075,-18.5166509],[-46.8792038,-18.5166509],[-46.8792038,-18.5168986],[-46.8791002,-18.5168986],[-46.8791002,-18.5170637],[-46.8789966,-18.5170637],[-46.8789966,-18.5172288],[-46.878582,-18.5172288],[-46.878582,-18.516816],[-46.8786856,-18.516816],[-46.8786856,-18.5167335],[-46.8787893,-18.5167335],[-46.8787893,-18.5166509],[-46.8788929,-18.5166509],[-46.8788929,-18.5161556],[-46.8789966,-18.5161556],[-46.8789966,-18.5160731],[-46.8792038,-18.5160731],[-46.8792038,-18.5159905],[-46.8793075,-18.5159905],[-46.8793075,-18.5159079],[-46.8795148,-18.5159079],[-46.8795148,-18.5159905],[-46.8796184,-18.5159905],[-46.8796184,-18.5159079],[-46.8797221,-18.5159079]]],"type":"Polygon"},"properties":{},"type":"Feature"},{"geometry":{"coordinates":[[[-46.880033,-18.5165684],[-46.880033,-18.5166509],[-46.8801366,-18.5166509],[-46.8801366,-18.5167335],[-46.8799293,-18.5167335],[-46.8799293,-18.5165684],[-46.880033,-18.5165684]]],"type":"Polygon"},"properties":{},"type":"Feature"},{"geometry":{"coordinates":[[[-46.8803439,-18.517559],[-46.8803439,-18.5176416],[-46.8804475,-18.5176416],[-46.8804475,-18.5178067],[-46.8803439,-18.5178067],[-46.8803439,-18.5178892],[-46.8802403,-18.5178892],[-46.8802403,-18.5178067],[-46.8801366,-18.5178067],[-46.8801366,-18.5177241],[-46.880033,-18.5177241],[-46.880033,-18.5176416],[-46.8801366,-18.5176416],[-46.8801366,-18.517559],[-46.8803439,-18.517559]]],"type":"Polygon"},"properties":{},"type":"Feature"},{"geometry":{"coordinates":[[[-46.8804475,-18.5130186],[-46.8804475,-18.5131011],[-46.8803439,-18.5131011],[-46.8803439,-18.5130186],[-46.8804475,-18.5130186]]],"type":"Polygon"},"properties":{},"type":"Feature"},{"geometry":{"coordinates":[[[-46.8804475,-18.5179718],[-46.8804475,-18.5181369],[-46.8805512,-18.5181369],[-46.8805512,-18.518302],[-46.8804475,-18.518302],[-46.8804475,-18.5183846],[-46.8803439,-18.5183846],[-46.8803439,-18.518302],[-46.8801366,-18.518302],[-46.8801366,-18.5182195],[-46.8802403,-18.5182195],[-46.8802403,-18.5181369],[-46.8801366,-18.5181369],[-46.8801366,-18.5179718],[-46.8804475,-18.5179718]]],"type":"Polygon"},"properties":{},"type":"Feature"},{"geometry":{"coordinates":[[[-46.8804475,-18.520531],[-46.8804475,-18.5206136],[-46.8803439,-18.5206136],[-46.8803439,-18.520531],[-46.8804475,-18.520531]]],"type":"Polygon"},"properties":{},"type":"Feature"},{"geometry":{"coordinates":[[[-46.8805512,-18.5127709],[-46.8805512,-18.512936],[-46.8803439,-18.512936],[-46.8803439,-18.5127709],[-46.8805512,-18.5127709]]],"type":"Polygon"},"properties":{},"type":"Feature"},{"geometry":{"coordinates":[[[-46.8809658,-18.512936],[-46.8809658,-18.5130186],[-46.8810694,-18.5130186],[-46.8810694,-18.5131011],[-46.8808621,-18.5131011],[-46.8808621,-18.5130186],[-46.8806548,-18.5130186],[-46.8806548,-18.512936],[-46.8809658,-18.512936]]],"type":"Polygon"},"properties":{},"type":"Feature"},{"geometry":{"coordinates":[[[-46.8809658,-18.518302],[-46.8809658,-18.5183846],[-46.8810694,-18.5183846],[-46.8810694,-18.5184671],[-46.8809658,-18.5184671],[-46.8809658,-18.5185497],[-46.8808621,-18.5185497],[-46.8808621,-18.5184671],[-46.8806548,-18.5184671],[-46.8806548,-18.5183846],[-46.8805512,-18.5183846],[-46.8805512,-18.518302],[-46.8807585,-18.518302],[-46.8807585,-18.5183846],[-46.8808621,-18.5183846],[-46.8808621,-18.518302],[-46.8809658,-18.518302]]],"type":"Polygon"},"properties":{},"type":"Feature"},{"geometry":{"coordinates":[[[-46.8812767,-18.5057541],[-46.8812767,-18.5058367],[-46.881173,-18.5058367],[-46.881173,-18.5057541],[-46.8812767,-18.5057541]]],"type":"Polygon"},"properties":{},"type":"Feature"},{"geometry":{"coordinates":[[[-46.8812767,-18.5131011],[-46.8812767,-18.5131837],[-46.881173,-18.5131837],[-46.881173,-18.5131011],[-46.8812767,-18.5131011]]],"type":"Polygon"},"properties":{},"type":"Feature"},{"geometry":{"coordinates":[[[-46.8812767,-18.5179718],[-46.8812767,-18.5180544],[-46.881173,-18.5180544],[-46.881173,-18.518302],[-46.8809658,-18.518302],[-46.8809658,-18.5181369],[-46.8810694,-18.5181369],[-46.8810694,-18.5180544],[-46.8809658,-18.5180544],[-46.8809658,-18.5179718],[-46.8812767,-18.5179718]]],"type":"Polygon"},"properties":{},"type":"Feature"},{"geometry":{"coordinates":[[[-46.8813803,-18.5042682],[-46.8813803,-18.5049286],[-46.8815876,-18.5049286],[-46.8815876,-18.5050112],[-46.8816912,-18.5050112],[-46.8816912,-18.5050937],[-46.8815876,-18.5050937],[-46.8815876,-18.5054239],[-46.881484,-18.5054239],[-46.881484,-18.505589],[-46.8813803,-18.505589],[-46.8813803,-18.5056716],[-46.8810694,-18.5056716],[-46.8810694,-18.5055065],[-46.8805512,-18.5055065],[-46.8805512,-18.505589],[-46.8802403,-18.505589],[-46.8802403,-18.5053414],[-46.8803439,-18.5053414],[-46.8803439,-18.5051763],[-46.8802403,-18.5051763],[-46.8802403,-18.5050112],[-46.8804475,-18.5050112],[-46.8804475,-18.5050937],[-46.8808621,-18.5050937],[-46.8808621,-18.5050112],[-46.8810694,-18.5050112],[-46.8810694,-18.5049286],[-46.881173,-18.5049286],[-46.881173,-18.5047635],[-46.8812767,-18.5047635],[-46.8812767,-18.5045984],[-46.8810694,-18.5045984],[-46.8810694,-18.5042682],[-46.881173,-18.5042682],[-46.881173,-18.5044333],[-46.8812767,-18.5044333],[-46.8812767,-18.5042682],[-46.8813803,-18.5042682]]],"type":"Polygon"},"properties":{},"type":"Feature"},{"geometry":{"coordinates":[[[-46.8813803,-18.5060018],[-46.8813803,-18.506332],[-46.881484,-18.506332],[-46.881484,-18.5064145],[-46.8818985,-18.5064145],[-46.8818985,-18.5062494],[-46.8822095,-18.5062494],[-46.8822095,-18.506332],[-46.8823131,-18.506332],[-46.8823131,-18.5064145],[-46.8822095,-18.5064145],[-46.8822095,-18.5064971],[-46.8818985,-18.5064971],[-46.8818985,-18.5065796],[-46.881484,-18.5065796],[-46.881484,-18.5066622],[-46.8810694,-18.5066622],[-46.8810694,-18.5064145],[-46.881173,-18.5064145],[-46.881173,-18.5062494],[-46.8812767,-18.5062494],[-46.8812767,-18.5060018],[-46.8813803,-18.5060018]]],"type":"Polygon"},"properties":{},"type":"Feature"},{"geometry":{"coordinates":[[[-46.8813803,-18.5135964],[-46.8813803,-18.5138441],[-46.8812767,-18.5138441],[-46.8812767,-18.5139267],[-46.8813803,-18.5139267],[-46.8813803,-18.5140092],[-46.8812767,-18.5140092],[-46.8812767,-18.5140918],[-46.8813803,-18.5140918],[-46.8813803,-18.5141743],[-46.8812767,-18.5141743],[-46.8812767,-18.5143394],[-46.881173,-18.5143394],[-46.881173,-18.5145871],[-46.8810694,-18.5145871],[-46.8810694,-18.5146696],[-46.881173,-18.5146696],[-46.881173,-18.5150824],[-46.8812767,-18.5150824],[-46.8812767,-18.5152475],[-46.881173,-18.5152475],[-46.881173,-18.5153301],[-46.8810694,-18.5153301],[-46.8810694,-18.5154952],[-46.8808621,-18.5154952],[-46.8808621,-18.5156603],[-46.8806548,-18.5156603],[-46.8806548,-18.5157428],[-46.8805512,-18.5157428],[-46.8805512,-18.5158254],[-46.8803439,-18.5158254],[-46.8803439,-18.5157428],[-46.8801366,-18.5157428],[-46.8801366,-18.5156603],[-46.8799293,-18.5156603],[-46.8799293,-18.5154952],[-46.8798257,-18.5154952],[-46.8798257,-18.5153301],[-46.8799293,-18.5153301],[-46.8799293,-18.5149173],[-46.880033,-18.5149173],[-46.880033,-18.5148347],[-46.8801366,-18.5148347],[-46.8801366,-18.5145871],[-46.8802403,-18.5145871],[-46.8802403,-18.5145045],[-46.8808621,-18.5145045],[-46.8808621,-18.514422],[-46.8807585,-18.514422],[-46.8807585,-18.5141743],[-46.8808621,-18.5141743],[-46.8808621,-18.5140918],[-46.8809658,-18.5140918],[-46.8809658,-18.5137616],[-46.881173,-18.5137616],[-46.881173,-18.513679],[-46.8812767,-18.513679],[-46.8812767,-18.5135964],[-46.8813803,-18.5135964]]],"type":"Polygon"},"properties":{},"type":"Feature"},{"geometry":{"coordinates":[[[-46.881484,-18.5131011],[-46.881484,-18.5131837],[-46.8815876,-18.5131837],[-46.8815876,-18.5132662],[-46.8813803,-18.5132662],[-46.8813803,-18.5131011],[-46.881484,-18.5131011]]],"type":"Polygon"},"properties":{},"type":"Feature"},{"geometry":{"coordinates":[[[-46.8820022,-18.5033602],[-46.8820022,-18.5034428],[-46.8818985,-18.5034428],[-46.8818985,-18.5033602],[-46.8820022,-18.5033602]]],"type":"Polygon"},"properties":{},"type":"Feature"},{"geometry":{"coordinates":[[[-46.8821058,-18.5031951],[-46.8821058,-18.5032777],[-46.8820022,-18.5032777],[-46.8820022,-18.5031951],[-46.8821058,-18.5031951]]],"type":"Polygon"},"properties":{},"type":"Feature"},{"geometry":{"coordinates":[[[-46.8821058,-18.5221821],[-46.8821058,-18.5222647],[-46.8820022,-18.5222647],[-46.8820022,-18.5221821],[-46.8821058,-18.5221821]]],"type":"Polygon"},"properties":{},"type":"Feature"},{"geometry":{"coordinates":[[[-46.8821058,-18.5329974],[-46.8821058,-18.53308],[-46.8820022,-18.53308],[-46.8820022,-18.5329974],[-46.8821058,-18.5329974]]],"type":"Polygon"},"properties":{},"type":"Feature"},{"geometry":{"coordinates":[[[-46.8822095,-18.5134313],[-46.8822095,-18.5135964],[-46.8827277,-18.5135964],[-46.8827277,-18.5137616],[-46.8829349,-18.5137616],[-46.8829349,-18.5139267],[-46.8832459,-18.5139267],[-46.8832459,-18.5140918],[-46.8833495,-18.5140918],[-46.8833495,-18.5141743],[-46.8834532,-18.5141743],[-46.8834532,-18.5142569],[-46.8835568,-18.5142569],[-46.8835568,-18.514422],[-46.8842823,-18.514422],[-46.8842823,-18.5145045],[-46.8843859,-18.5145045],[-46.8843859,-18.5145871],[-46.8845932,-18.5145871],[-46.8845932,-18.5146696],[-46.8852151,-18.5146696],[-46.8852151,-18.5150824],[-46.8851114,-18.5150824],[-46.8851114,-18.5154952],[-46.8850078,-18.5154952],[-46.8850078,-18.5156603],[-46.8849041,-18.5156603],[-46.8849041,-18.5159905],[-46.8853187,-18.5159905],[-46.8853187,-18.5160731],[-46.8852151,-18.5160731],[-46.8852151,-18.5161556],[-46.8854223,-18.5161556],[-46.8854223,-18.5162382],[-46.885526,-18.5162382],[-46.885526,-18.5161556],[-46.8857333,-18.5161556],[-46.8857333,-18.5160731],[-46.8858369,-18.5160731],[-46.8858369,-18.5159905],[-46.8859406,-18.5159905],[-46.8859406,-18.5160731],[-46.8860442,-18.5160731],[-46.8860442,-18.5161556],[-46.8862515,-18.5161556],[-46.8862515,-18.5163207],[-46.8861478,-18.5163207],[-46.8861478,-18.5164033],[-46.8854223,-18.5164033],[-46.8854223,-18.5165684],[-46.8853187,-18.5165684],[-46.8853187,-18.516816],[-46.8852151,-18.516816],[-46.8852151,-18.5168986],[-46.8851114,-18.5168986],[-46.8851114,-18.5167335],[-46.8850078,-18.5167335],[-46.8850078,-18.5166509],[-46.8849041,-18.5166509],[-46.8849041,-18.5165684],[-46.8848005,-18.5165684],[-46.8848005,-18.5169811],[-46.8846969,-18.5169811],[-46.8846969,-18.5170637],[-46.8845932,-18.5170637],[-46.8845932,-18.5172288],[-46.8846969,-18.5172288],[-46.8846969,-18.5173939],[-46.8848005,-18.5173939],[-46.8848005,-18.517559],[-46.8849041,-18.517559],[-46.8849041,-18.5176416],[-46.8850078,-18.5176416],[-46.8850078,-18.5177241],[-46.8849041,-18.5177241],[-46.8849041,-18.5178067],[-46.8848005,-18.5178067],[-46.8848005,-18.5182195],[-46.8846969,-18.5182195],[-46.8846969,-18.5181369],[-46.8845932,-18.5181369],[-46.8845932,-18.5183846],[-46.8844896,-18.5183846],[-46.8844896,-18.5186322],[-46.8846969,-18.5186322],[-46.8846969,-18.5188799],[-46.8848005,-18.5188799],[-46.8848005,-18.5189625],[-46.8846969,-18.5189625],[-46.8846969,-18.519045],[-46.8849041,-18.519045],[-46.8849041,-18.5191276],[-46.8845932,-18.5191276],[-46.8845932,-18.5192101],[-46.8844896,-18.5192101],[-46.8844896,-18.5192927],[-46.8842823,-18.5192927],[-46.8842823,-18.5193752],[-46.884075,-18.5193752],[-46.884075,-18.5194578],[-46.8839714,-18.5194578],[-46.8839714,-18.5196229],[-46.8838677,-18.5196229],[-46.8838677,-18.5197055],[-46.8837641,-18.5197055],[-46.8837641,-18.519788],[-46.8834532,-18.519788],[-46.8834532,-18.5199531],[-46.8833495,-18.5199531],[-46.8833495,-18.5204485],[-46.8832459,-18.5204485],[-46.8832459,-18.520531],[-46.8831422,-18.520531],[-46.8831422,-18.5207787],[-46.8830386,-18.5207787],[-46.8830386,-18.5208612],[-46.8831422,-18.5208612],[-46.8831422,-18.5209438],[-46.8830386,-18.5209438],[-46.8830386,-18.5216043],[-46.8829349,-18.5216043],[-46.8829349,-18.5216868],[-46.8830386,-18.5216868],[-46.8830386,-18.5219345],[-46.8827277,-18.5219345],[-46.8827277,-18.522017],[-46.882624,-18.522017],[-46.882624,-18.5220996],[-46.8823131,-18.5220996],[-46.8823131,-18.5221821],[-46.8821058,-18.5221821],[-46.8821058,-18.5220996],[-46.8815876,-18.5220996],[-46.8815876,-18.5219345],[-46.881484,-18.5219345],[-46.881484,-18.5218519],[-46.8812767,-18.5218519],[-46.8812767,-18.5219345],[-46.8808621,-18.5219345],[-46.8808621,-18.5218519],[-46.8804475,-18.5218519],[-46.8804475,-18.5216043],[-46.8803439,-18.5216043],[-46.8803439,-18.5215217],[-46.8802403,-18.5215217],[-46.8802403,-18.5211089],[-46.8801366,-18.5211089],[-46.8801366,-18.5209438],[-46.880033,-18.5209438],[-46.880033,-18.5208612],[-46.8797221,-18.5208612],[-46.8797221,-18.5207787],[-46.8795148,-18.5207787],[-46.8795148,-18.5206136],[-46.8791002,-18.5206136],[-46.8791002,-18.5204485],[-46.8789966,-18.5204485],[-46.8789966,-18.5203659],[-46.8783747,-18.5203659],[-46.8783747,-18.5204485],[-46.8782711,-18.5204485],[-46.8782711,-18.5203659],[-46.8781674,-18.5203659],[-46.8781674,-18.5202008],[-46.8780638,-18.5202008],[-46.8780638,-18.5196229],[-46.878582,-18.5196229],[-46.878582,-18.5197055],[-46.8786856,-18.5197055],[-46.8786856,-18.519788],[-46.8791002,-18.519788],[-46.8791002,-18.5195404],[-46.8789966,-18.5195404],[-46.8789966,-18.5194578],[-46.8788929,-18.5194578],[-46.8788929,-18.519045],[-46.8789966,-18.519045],[-46.8789966,-18.5187148],[-46.8791002,-18.5187148],[-46.8791002,-18.5187974],[-46.8793075,-18.5187974],[-46.8793075,-18.5188799],[-46.8794111,-18.5188799],[-46.8794111,-18.5189625],[-46.8796184,-18.5189625],[-46.8796184,-18.5195404],[-46.8797221,-18.5195404],[-46.8797221,-18.5197055],[-46.8805512,-18.5197055],[-46.8805512,-18.5196229],[-46.8803439,-18.5196229],[-46.8803439,-18.5194578],[-46.8804475,-18.5194578],[-46.8804475,-18.5193752],[-46.8805512,-18.5193752],[-46.8805512,-18.5194578],[-46.8806548,-18.5194578],[-46.8806548,-18.5197055],[-46.8807585,-18.5197055],[-46.8807585,-18.5196229],[-46.8808621,-18.5196229],[-46.8808621,-18.5194578],[-46.881173,-18.5194578],[-46.881173,-18.5195404],[-46.8813803,-18.5195404],[-46.8813803,-18.5196229],[-46.881484,-18.5196229],[-46.881484,-18.5199531],[-46.8813803,-18.5199531],[-46.8813803,-18.5200357],[-46.8812767,-18.5200357],[-46.8812767,-18.5201182],[-46.8813803,-18.5201182],[-46.8813803,-18.5202834],[-46.881484,-18.5202834],[-46.881484,-18.5206961],[-46.8813803,-18.5206961],[-46.8813803,-18.5208612],[-46.8812767,-18.5208612],[-46.8812767,-18.5209438],[-46.8813803,-18.5209438],[-46.8813803,-18.5210264],[-46.8807585,-18.5210264],[-46.8807585,-18.5207787],[-46.8806548,-18.5207787],[-46.8806548,-18.5206961],[-46.8807585,-18.5206961],[-46.8807585,-18.5206136],[-46.8806548,-18.5206136],[-46.8806548,-18.5204485],[-46.8807585,-18.5204485],[-46.8807585,-18.5202834],[-46.8806548,-18.5202834],[-46.8806548,-18.5202008],[-46.8807585,-18.5202008],[-46.8807585,-18.5199531],[-46.8803439,-18.5199531],[-46.8803439,-18.5200357],[-46.8802403,-18.5200357],[-46.8802403,-18.5201182],[-46.8801366,-18.5201182],[-46.8801366,-18.5206136],[-46.8802403,-18.5206136],[-46.8802403,-18.5208612],[-46.8803439,-18.5208612],[-46.8803439,-18.5209438],[-46.8805512,-18.5209438],[-46.8805512,-18.5210264],[-46.8806548,-18.5210264],[-46.8806548,-18.5211089],[-46.8807585,-18.5211089],[-46.8807585,-18.5211915],[-46.8806548,-18.5211915],[-46.8806548,-18.521274],[-46.8807585,-18.521274],[-46.8807585,-18.5213566],[-46.8810694,-18.5213566],[-46.8810694,-18.5215217],[-46.881484,-18.5215217],[-46.881484,-18.5216043],[-46.8815876,-18.5216043],[-46.8815876,-18.5215217],[-46.8817949,-18.5215217],[-46.8817949,-18.5213566],[-46.8820022,-18.5213566],[-46.8820022,-18.5211915],[-46.8823131,-18.5211915],[-46.8823131,-18.521274],[-46.8825204,-18.521274],[-46.8825204,-18.5210264],[-46.8827277,-18.5210264],[-46.8827277,-18.5206961],[-46.8828313,-18.5206961],[-46.8828313,-18.5206136],[-46.8829349,-18.5206136],[-46.8829349,-18.5195404],[-46.8830386,-18.5195404],[-46.8830386,-18.5193752],[-46.8831422,-18.5193752],[-46.8831422,-18.5192101],[-46.8832459,-18.5192101],[-46.8832459,-18.5189625],[-46.8833495,-18.5189625],[-46.8833495,-18.5184671],[-46.8832459,-18.5184671],[-46.8832459,-18.5183846],[-46.8830386,-18.5183846],[-46.8830386,-18.5181369],[-46.8832459,-18.5181369],[-46.8832459,-18.5179718],[-46.8831422,-18.5179718],[-46.8831422,-18.5178067],[-46.8832459,-18.5178067],[-46.8832459,-18.5177241],[-46.8833495,-18.5177241],[-46.8833495,-18.517559],[-46.8834532,-18.517559],[-46.8834532,-18.5168986],[-46.8835568,-18.5168986],[-46.8835568,-18.5167335],[-46.8834532,-18.5167335],[-46.8834532,-18.5164858],[-46.8833495,-18.5164858],[-46.8833495,-18.5163207],[-46.8832459,-18.5163207],[-46.8832459,-18.5159905],[-46.8833495,-18.5159905],[-46.8833495,-18.5158254],[-46.8831422,-18.5158254],[-46.8831422,-18.5156603],[-46.8830386,-18.5156603],[-46.8830386,-18.5157428],[-46.882624,-18.5157428],[-46.882624,-18.5158254],[-46.8825204,-18.5158254],[-46.8825204,-18.5159079],[-46.882624,-18.5159079],[-46.882624,-18.5159905],[-46.8822095,-18.5159905],[-46.8822095,-18.5161556],[-46.8818985,-18.5161556],[-46.8818985,-18.5160731],[-46.8817949,-18.5160731],[-46.8817949,-18.5161556],[-46.8816912,-18.5161556],[-46.8816912,-18.5160731],[-46.8815876,-18.5160731],[-46.8815876,-18.5161556],[-46.881484,-18.5161556],[-46.881484,-18.5163207],[-46.8813803,-18.5163207],[-46.8813803,-18.5164033],[-46.8810694,-18.5164033],[-46.8810694,-18.5164858],[-46.8808621,-18.5164858],[-46.8808621,-18.5165684],[-46.8805512,-18.5165684],[-46.8805512,-18.5166509],[-46.8807585,-18.5166509],[-46.8807585,-18.5167335],[-46.8808621,-18.5167335],[-46.8808621,-18.5168986],[-46.8807585,-18.5168986],[-46.8807585,-18.5169811],[-46.8804475,-18.5169811],[-46.8804475,-18.5167335],[-46.8802403,-18.5167335],[-46.8802403,-18.5165684],[-46.8801366,-18.5165684],[-46.8801366,-18.5164033],[-46.8802403,-18.5164033],[-46.8802403,-18.5163207],[-46.8804475,-18.5163207],[-46.8804475,-18.5161556],[-46.8805512,-18.5161556],[-46.8805512,-18.5160731],[-46.8804475,-18.5160731],[-46.8804475,-18.5159905],[-46.8809658,-18.5159905],[-46.8809658,-18.5158254],[-46.8810694,-18.5158254],[-46.8810694,-18.5157428],[-46.881173,-18.5157428],[-46.881173,-18.5156603],[-46.881484,-18.5156603],[-46.881484,-18.5158254],[-46.8815876,-18.5158254],[-46.8815876,-18.5157428],[-46.8816912,-18.5157428],[-46.8816912,-18.5155777],[-46.881484,-18.5155777],[-46.881484,-18.5152475],[-46.8816912,-18.5152475],[-46.8816912,-18.5149173],[-46.8818985,-18.5149173],[-46.8818985,-18.5140092],[-46.8820022,-18.5140092],[-46.8820022,-18.5138441],[-46.8821058,-18.5138441],[-46.8821058,-18.5137616],[-46.8822095,-18.5137616],[-46.8822095,-18.513679],[-46.8821058,-18.513679],[-46.8821058,-18.5135964],[-46.8820022,-18.5135964],[-46.8820022,-18.513679],[-46.8818985,-18.513679],[-46.8818985,-18.5135139],[-46.8821058,-18.5135139],[-46.8821058,-18.5134313],[-46.8822095,-18.5134313]],[[-46.8830386,-18.5140918],[-46.8829349,-18.5140918],[-46.8829349,-18.5141743],[-46.8830386,-18.5141743],[-46.8830386,-18.5140918]],[[-46.8823131,-18.5149999],[-46.8822095,-18.5149999],[-46.8822095,-18.5150824],[-46.8823131,-18.5150824],[-46.8823131,-18.5149999]],[[-46.8828313,-18.515165],[-46.8827277,-18.515165],[-46.8827277,-18.5152475],[-46.8828313,-18.5152475],[-46.8828313,-18.515165]],[[-46.8825204,-18.515165],[-46.8824167,-18.515165],[-46.8824167,-18.5152475],[-46.8825204,-18.5152475],[-46.8825204,-18.515165]],[[-46.882624,-18.5155777],[-46.8824167,-18.5155777],[-46.8824167,-18.5156603],[-46.882624,-18.5156603],[-46.882624,-18.5155777]],[[-46.8846969,-18.5156603],[-46.8845932,-18.5156603],[-46.8845932,-18.5157428],[-46.8846969,-18.5157428],[-46.8846969,-18.5156603]],[[-46.8845932,-18.5157428],[-46.8844896,-18.5157428],[-46.8844896,-18.5158254],[-46.8845932,-18.5158254],[-46.8845932,-18.5157428]],[[-46.881484,-18.5159079],[-46.881173,-18.5159079],[-46.881173,-18.5159905],[-46.8812767,-18.5159905],[-46.8812767,-18.5160731],[-46.8815876,-18.5160731],[-46.8815876,-18.5159905],[-46.881484,-18.5159905],[-46.881484,-18.5159079]],[[-46.8820022,-18.5159905],[-46.8818985,-18.5159905],[-46.8818985,-18.5160731],[-46.8820022,-18.5160731],[-46.8820022,-18.5159905]],[[-46.8848005,-18.5161556],[-46.8846969,-18.5161556],[-46.8846969,-18.5162382],[-46.8844896,-18.5162382],[-46.8844896,-18.5163207],[-46.8849041,-18.5163207],[-46.8849041,-18.5162382],[-46.8848005,-18.5162382],[-46.8848005,-18.5161556]],[[-46.8843859,-18.5164033],[-46.8842823,-18.5164033],[-46.8842823,-18.5165684],[-46.8843859,-18.5165684],[-46.8843859,-18.5164033]],[[-46.8804475,-18.5165684],[-46.8803439,-18.5165684],[-46.8803439,-18.5166509],[-46.8804475,-18.5166509],[-46.8804475,-18.5165684]],[[-46.8846969,-18.5167335],[-46.8842823,-18.5167335],[-46.8842823,-18.516816],[-46.8843859,-18.516816],[-46.8843859,-18.5168986],[-46.8845932,-18.5168986],[-46.8845932,-18.516816],[-46.8846969,-18.516816],[-46.8846969,-18.5167335]],[[-46.884075,-18.5170637],[-46.8839714,-18.5170637],[-46.8839714,-18.5172288],[-46.884075,-18.5172288],[-46.884075,-18.5170637]],[[-46.8841786,-18.5172288],[-46.884075,-18.5172288],[-46.884075,-18.5173114],[-46.8839714,-18.5173114],[-46.8839714,-18.517559],[-46.8838677,-18.517559],[-46.8838677,-18.5178067],[-46.884075,-18.5178067],[-46.884075,-18.5174765],[-46.8841786,-18.5174765],[-46.8841786,-18.5172288]],[[-46.8845932,-18.5173114],[-46.8843859,-18.5173114],[-46.8843859,-18.5173939],[-46.8842823,-18.5173939],[-46.8842823,-18.5174765],[-46.8841786,-18.5174765],[-46.8841786,-18.5178067],[-46.8842823,-18.5178067],[-46.8842823,-18.5178892],[-46.8843859,-18.5178892],[-46.8843859,-18.5179718],[-46.8845932,-18.5179718],[-46.8845932,-18.5176416],[-46.8848005,-18.5176416],[-46.8848005,-18.517559],[-46.8846969,-18.517559],[-46.8846969,-18.5174765],[-46.8845932,-18.5174765],[-46.8845932,-18.5173114]],[[-46.8841786,-18.518302],[-46.884075,-18.518302],[-46.884075,-18.5184671],[-46.8841786,-18.5184671],[-46.8841786,-18.518302]],[[-46.8839714,-18.5187974],[-46.8838677,-18.5187974],[-46.8838677,-18.5192927],[-46.8841786,-18.5192927],[-46.8841786,-18.5192101],[-46.8842823,-18.5192101],[-46.8842823,-18.5191276],[-46.8841786,-18.5191276],[-46.8841786,-18.519045],[-46.8839714,-18.519045],[-46.8839714,-18.5187974]],[[-46.8838677,-18.5192927],[-46.8837641,-18.5192927],[-46.8837641,-18.5193752],[-46.8838677,-18.5193752],[-46.8838677,-18.5192927]]],"type":"Polygon"},"properties":{},"type":"Feature"},{"geometry":{"coordinates":[[[-46.8823131,-18.5184671],[-46.8823131,-18.5187148],[-46.8818985,-18.5187148],[-46.8818985,-18.5187974],[-46.8816912,-18.5187974],[-46.8816912,-18.5189625],[-46.881484,-18.5189625],[-46.881484,-18.519045],[-46.881173,-18.519045],[-46.881173,-18.5191276],[-46.8809658,-18.5191276],[-46.8809658,-18.519045],[-46.8808621,-18.519045],[-46.8808621,-18.5189625],[-46.8807585,-18.5189625],[-46.8807585,-18.5188799],[-46.8808621,-18.5188799],[-46.8808621,-18.5187974],[-46.8812767,-18.5187974],[-46.8812767,-18.5188799],[-46.8815876,-18.5188799],[-46.8815876,-18.5187974],[-46.881484,-18.5187974],[-46.881484,-18.5187148],[-46.8815876,-18.5187148],[-46.8815876,-18.5186322],[-46.8817949,-18.5186322],[-46.8817949,-18.5185497],[-46.8820022,-18.5185497],[-46.8820022,-18.5184671],[-46.8823131,-18.5184671]]],"type":"Polygon"},"properties":{},"type":"Feature"},{"geometry":{"coordinates":[[[-46.8824167,-18.5325021],[-46.8824167,-18.5325846],[-46.8823131,-18.5325846],[-46.8823131,-18.5325021],[-46.8824167,-18.5325021]]],"type":"Polygon"},"properties":{},"type":"Feature"},{"geometry":{"coordinates":[[[-46.8824167,-18.5327497],[-46.8824167,-18.53308],[-46.8823131,-18.53308],[-46.8823131,-18.5332451],[-46.8822095,-18.5332451],[-46.8822095,-18.5327497],[-46.8824167,-18.5327497]]],"type":"Polygon"},"properties":{},"type":"Feature"},{"geometry":{"coordinates":[[[-46.8824167,-18.5365476],[-46.8824167,-18.5367128],[-46.8821058,-18.5367128],[-46.8821058,-18.5365476],[-46.8824167,-18.5365476]]],"type":"Polygon"},"properties":{},"type":"Feature"},{"geometry":{"coordinates":[[[-46.882624,-18.5073226],[-46.882624,-18.5074877],[-46.8827277,-18.5074877],[-46.8827277,-18.5076528],[-46.882624,-18.5076528],[-46.882624,-18.5075702],[-46.8824167,-18.5075702],[-46.8824167,-18.5073226],[-46.882624,-18.5073226]]],"type":"Polygon"},"properties":{},"type":"Feature"},{"geometry":{"coordinates":[[[-46.882624,-18.5077353],[-46.882624,-18.5078179],[-46.8827277,-18.5078179],[-46.8827277,-18.5079004],[-46.882624,-18.5079004],[-46.882624,-18.507983],[-46.8827277,-18.507983],[-46.8827277,-18.5080655],[-46.8828313,-18.5080655],[-46.8828313,-18.5082306],[-46.8829349,-18.5082306],[-46.8829349,-18.5083132],[-46.8828313,-18.5083132],[-46.8828313,-18.5083957],[-46.8827277,-18.5083957],[-46.8827277,-18.5084783],[-46.882624,-18.5084783],[-46.882624,-18.5085608],[-46.8825204,-18.5085608],[-46.8825204,-18.5083957],[-46.882624,-18.5083957],[-46.882624,-18.5083132],[-46.8824167,-18.5083132],[-46.8824167,-18.5083957],[-46.8822095,-18.5083957],[-46.8822095,-18.5081481],[-46.8824167,-18.5081481],[-46.8824167,-18.5077353],[-46.882624,-18.5077353]],[[-46.8827277,-18.5081481],[-46.882624,-18.5081481],[-46.882624,-18.5082306],[-46.8827277,-18.5082306],[-46.8827277,-18.5081481]]],"type":"Polygon"},"properties":{},"type":"Feature"},{"geometry":{"coordinates":[[[-46.8827277,-18.5064145],[-46.8827277,-18.5064971],[-46.882624,-18.5064971],[-46.882624,-18.5064145],[-46.8827277,-18.5064145]]],"type":"Polygon"},"properties":{},"type":"Feature"},{"geometry":{"coordinates":[[[-46.8829349,-18.5068273],[-46.8829349,-18.5070749],[-46.8830386,-18.5070749],[-46.8830386,-18.50724],[-46.8829349,-18.50724],[-46.8829349,-18.5073226],[-46.8828313,-18.5073226],[-46.8828313,-18.50724],[-46.8827277,-18.50724],[-46.8827277,-18.5069924],[-46.882624,-18.5069924],[-46.882624,-18.5068273],[-46.8829349,-18.5068273]]],"type":"Polygon"},"properties":{},"type":"Feature"},{"geometry":{"coordinates":[[[-46.8829349,-18.5301078],[-46.8829349,-18.5301903],[-46.8830386,-18.5301903],[-46.8830386,-18.5302729],[-46.8827277,-18.5302729],[-46.8827277,-18.5301078],[-46.8829349,-18.5301078]]],"type":"Polygon"},"properties":{},"type":"Feature"},{"geometry":{"coordinates":[[[-46.8830386,-18.5064971],[-46.8830386,-18.5065796],[-46.8827277,-18.5065796],[-46.8827277,-18.5064971],[-46.8830386,-18.5064971]]],"type":"Polygon"},"properties":{},"type":"Feature"},{"geometry":{"coordinates":[[[-46.8830386,-18.5300252],[-46.8830386,-18.5301078],[-46.8829349,-18.5301078],[-46.8829349,-18.5300252],[-46.8830386,-18.5300252]]],"type":"Polygon"},"properties":{},"type":"Feature"},{"geometry":{"coordinates":[[[-46.8831422,-18.5024522],[-46.8831422,-18.5026173],[-46.8830386,-18.5026173],[-46.8830386,-18.5024522],[-46.8831422,-18.5024522]]],"type":"Polygon"},"properties":{},"type":"Feature"},{"geometry":{"coordinates":[[[-46.8832459,-18.5077353],[-46.8832459,-18.5080655],[-46.8831422,-18.5080655],[-46.8831422,-18.5081481],[-46.8830386,-18.5081481],[-46.8830386,-18.507983],[-46.8831422,-18.507983],[-46.8831422,-18.5079004],[-46.8830386,-18.5079004],[-46.8830386,-18.5078179],[-46.8831422,-18.5078179],[-46.8831422,-18.5077353],[-46.8832459,-18.5077353]]],"type":"Polygon"},"properties":{},"type":"Feature"},{"geometry":{"coordinates":[[[-46.8834532,-18.5239159],[-46.8834532,-18.5239984],[-46.8833495,-18.5239984],[-46.8833495,-18.5239159],[-46.8834532,-18.5239159]]],"type":"Polygon"},"properties":{},"type":"Feature"},{"geometry":{"coordinates":[[[-46.8837641,-18.5083132],[-46.8837641,-18.5083957],[-46.8836604,-18.5083957],[-46.8836604,-18.5084783],[-46.8835568,-18.5084783],[-46.8835568,-18.5085608],[-46.8834532,-18.5085608],[-46.8834532,-18.5086434],[-46.8832459,-18.5086434],[-46.8832459,-18.5087259],[-46.8830386,-18.5087259],[-46.8830386,-18.5085608],[-46.8831422,-18.5085608],[-46.8831422,-18.5084783],[-46.8832459,-18.5084783],[-46.8832459,-18.5083132],[-46.8833495,-18.5083132],[-46.8833495,-18.5083957],[-46.8835568,-18.5083957],[-46.8835568,-18.5083132],[-46.8837641,-18.5083132]]],"type":"Polygon"},"properties":{},"type":"Feature"},{"geometry":{"coordinates":[[[-46.8838677,-18.5236682],[-46.8838677,-18.5237507],[-46.8839714,-18.5237507],[-46.8839714,-18.5239159],[-46.8838677,-18.5239159],[-46.8838677,-18.5241635],[-46.8837641,-18.5241635],[-46.8837641,-18.5236682],[-46.8838677,-18.5236682]]],"type":"Polygon"},"properties":{},"type":"Feature"},{"geometry":{"coordinates":[[[-46.8838677,-18.5242461],[-46.8838677,-18.5243286],[-46.8837641,-18.5243286],[-46.8837641,-18.5242461],[-46.8838677,-18.5242461]]],"type":"Polygon"},"properties":{},"type":"Feature"},{"geometry":{"coordinates":[[[-46.8839714,-18.5058367],[-46.8839714,-18.5060018],[-46.8837641,-18.5060018],[-46.8837641,-18.5061669],[-46.8839714,-18.5061669],[-46.8839714,-18.506332],[-46.8844896,-18.506332],[-46.8844896,-18.5064145],[-46.8845932,-18.5064145],[-46.8845932,-18.5067447],[-46.8841786,-18.5067447],[-46.8841786,-18.5068273],[-46.884075,-18.5068273],[-46.884075,-18.5067447],[-46.8839714,-18.5067447],[-46.8839714,-18.5069098],[-46.8837641,-18.5069098],[-46.8837641,-18.5071575],[-46.8836604,-18.5071575],[-46.8836604,-18.50724],[-46.8835568,-18.50724],[-46.8835568,-18.5074051],[-46.8834532,-18.5074051],[-46.8834532,-18.5074877],[-46.8833495,-18.5074877],[-46.8833495,-18.5077353],[-46.8832459,-18.5077353],[-46.8832459,-18.50724],[-46.8833495,-18.50724],[-46.8833495,-18.5070749],[-46.8832459,-18.5070749],[-46.8832459,-18.5069924],[-46.8831422,-18.5069924],[-46.8831422,-18.5064971],[-46.8832459,-18.5064971],[-46.8832459,-18.5064145],[-46.8831422,-18.5064145],[-46.8831422,-18.5062494],[-46.8832459,-18.5062494],[-46.8832459,-18.5060018],[-46.8833495,-18.5060018],[-46.8833495,-18.5058367],[-46.8839714,-18.5058367]],[[-46.8837641,-18.5062494],[-46.8835568,-18.5062494],[-46.8835568,-18.5064145],[-46.8838677,-18.5064145],[-46.8838677,-18.506332],[-46.8837641,-18.506332],[-46.8837641,-18.5062494]],[[-46.8837641,-18.5068273],[-46.8835568,-18.5068273],[-46.8835568,-18.5069098],[-46.8837641,-18.5069098],[-46.8837641,-18.5068273]],[[-46.8835568,-18.5069098],[-46.8834532,-18.5069098],[-46.8834532,-18.5069924],[-46.8835568,-18.5069924],[-46.8835568,-18.5069098]],[[-46.8835568,-18.5071575],[-46.8834532,-18.5071575],[-46.8834532,-18.50724],[-46.8835568,-18.50724],[-46.8835568,-18.5071575]],[[-46.8834532,-18.5073226],[-46.8833495,-18.5073226],[-46.8833495,-18.5074051],[-46.8834532,-18.5074051],[-46.8834532,-18.5073226]]],"type":"Polygon"},"properties":{},"type":"Feature"},{"geometry":{"coordinates":[[[-46.8839714,-18.5074877],[-46.8839714,-18.5076528],[-46.8838677,-18.5076528],[-46.8838677,-18.5074877],[-46.8839714,-18.5074877]]],"type":"Polygon"},"properties":{},"type":"Feature"},{"geometry":{"coordinates":[[[-46.884075,-18.5081481],[-46.884075,-18.5083132],[-46.8839714,-18.5083132],[-46.8839714,-18.5081481],[-46.884075,-18.5081481]]],"type":"Polygon"},"properties":{},"type":"Feature"},{"geometry":{"coordinates":[[[-46.8841786,-18.5069924],[-46.8841786,-18.5070749],[-46.884075,-18.5070749],[-46.884075,-18.5069924],[-46.8841786,-18.5069924]]],"type":"Polygon"},"properties":{},"type":"Feature"},{"geometry":{"coordinates":[[[-46.8841786,-18.5073226],[-46.8841786,-18.5074877],[-46.884075,-18.5074877],[-46.884075,-18.5073226],[-46.8841786,-18.5073226]]],"type":"Polygon"},"properties":{},"type":"Feature"},{"geometry":{"coordinates":[[[-46.8842823,-18.5078179],[-46.8842823,-18.5079004],[-46.8841786,-18.5079004],[-46.8841786,-18.5078179],[-46.8842823,-18.5078179]]],"type":"Polygon"},"properties":{},"type":"Feature"},{"geometry":{"coordinates":[[[-46.8842823,-18.5085608],[-46.8842823,-18.5086434],[-46.8841786,-18.5086434],[-46.8841786,-18.5085608],[-46.8842823,-18.5085608]]],"type":"Polygon"},"properties":{},"type":"Feature"},{"geometry":{"coordinates":[[[-46.8842823,-18.5211915],[-46.8842823,-18.521274],[-46.8841786,-18.521274],[-46.8841786,-18.5213566],[-46.8842823,-18.5213566],[-46.8842823,-18.5216043],[-46.8844896,-18.5216043],[-46.8844896,-18.5214391],[-46.8845932,-18.5214391],[-46.8845932,-18.5217694],[-46.8844896,-18.5217694],[-46.8844896,-18.5219345],[-46.8845932,-18.5219345],[-46.8845932,-18.522017],[-46.8844896,-18.522017],[-46.8844896,-18.5223473],[-46.8845932,-18.5223473],[-46.8845932,-18.5226775],[-46.8843859,-18.5226775],[-46.8843859,-18.5230077],[-46.8842823,-18.5230077],[-46.8842823,-18.5231728],[-46.8841786,-18.5231728],[-46.8841786,-18.5235031],[-46.884075,-18.5235031],[-46.884075,-18.5236682],[-46.8839714,-18.5236682],[-46.8839714,-18.5233379],[-46.8837641,-18.5233379],[-46.8837641,-18.5234205],[-46.8836604,-18.5234205],[-46.8836604,-18.5235856],[-46.8835568,-18.5235856],[-46.8835568,-18.5236682],[-46.8834532,-18.5236682],[-46.8834532,-18.5233379],[-46.8836604,-18.5233379],[-46.8836604,-18.5229252],[-46.8838677,-18.5229252],[-46.8838677,-18.5225949],[-46.884075,-18.5225949],[-46.884075,-18.5222647],[-46.8839714,-18.5222647],[-46.8839714,-18.5221821],[-46.8838677,-18.5221821],[-46.8838677,-18.5222647],[-46.8836604,-18.5222647],[-46.8836604,-18.5221821],[-46.8834532,-18.5221821],[-46.8834532,-18.5217694],[-46.8835568,-18.5217694],[-46.8835568,-18.5216868],[-46.8836604,-18.5216868],[-46.8836604,-18.5215217],[-46.8838677,-18.5215217],[-46.8838677,-18.5213566],[-46.8839714,-18.5213566],[-46.8839714,-18.5211915],[-46.8842823,-18.5211915]],[[-46.8843859,-18.5225124],[-46.8841786,-18.5225124],[-46.8841786,-18.5225949],[-46.8843859,-18.5225949],[-46.8843859,-18.5225124]],[[-46.8841786,-18.5230903],[-46.8839714,-18.5230903],[-46.8839714,-18.5231728],[-46.8841786,-18.5231728],[-46.8841786,-18.5230903]]],"type":"Polygon"},"properties":{},"type":"Feature"},{"geometry":{"coordinates":[[[-46.8843859,-18.5017093],[-46.8843859,-18.5018743],[-46.884075,-18.5018743],[-46.884075,-18.5017918],[-46.8842823,-18.5017918],[-46.8842823,-18.5017093],[-46.8843859,-18.5017093]]],"type":"Polygon"},"properties":{},"type":"Feature"},{"geometry":{"coordinates":[[[-46.8843859,-18.5053414],[-46.8843859,-18.5054239],[-46.8844896,-18.5054239],[-46.8844896,-18.5055065],[-46.8841786,-18.5055065],[-46.8841786,-18.5053414],[-46.8843859,-18.5053414]]],"type":"Polygon"},"properties":{},"type":"Feature"},{"geometry":{"coordinates":[[[-46.8843859,-18.5197055],[-46.8843859,-18.519788],[-46.8842823,-18.519788],[-46.8842823,-18.5197055],[-46.8843859,-18.5197055]]],"type":"Polygon"},"properties":{},"type":"Feature"},{"geometry":{"coordinates":[[[-46.8845932,-18.5138441],[-46.8845932,-18.5139267],[-46.8844896,-18.5139267],[-46.8844896,-18.5138441],[-46.8845932,-18.5138441]]],"type":"Polygon"},"properties":{},"type":"Feature"},{"geometry":{"coordinates":[[[-46.8845932,-18.5140092],[-46.8845932,-18.5140918],[-46.8844896,-18.5140918],[-46.8844896,-18.5140092],[-46.8845932,-18.5140092]]],"type":"Polygon"},"properties":{},"type":"Feature"},{"geometry":{"coordinates":[[[-46.8848005,-18.5055065],[-46.8848005,-18.505589],[-46.8846969,-18.505589],[-46.8846969,-18.5055065],[-46.8848005,-18.5055065]]],"type":"Polygon"},"properties":{},"type":"Feature"},{"geometry":{"coordinates":[[[-46.8848005,-18.5135964],[-46.8848005,-18.513679],[-46.8846969,-18.513679],[-46.8846969,-18.5135964],[-46.8848005,-18.5135964]]],"type":"Polygon"},"properties":{},"type":"Feature"},{"geometry":{"coordinates":[[[-46.8848005,-18.5206136],[-46.8848005,-18.5206961],[-46.8849041,-18.5206961],[-46.8849041,-18.5210264],[-46.8846969,-18.5210264],[-46.8846969,-18.5211089],[-46.8845932,-18.5211089],[-46.8845932,-18.5211915],[-46.8846969,-18.5211915],[-46.8846969,-18.5214391],[-46.8845932,-18.5214391],[-46.8845932,-18.5213566],[-46.8844896,-18.5213566],[-46.8844896,-18.5211089],[-46.8843859,-18.5211089],[-46.8843859,-18.5210264],[-46.8842823,-18.5210264],[-46.8842823,-18.5211089],[-46.8841786,-18.5211089],[-46.8841786,-18.5209438],[-46.8844896,-18.5209438],[-46.8844896,-18.5206961],[-46.8845932,-18.5206961],[-46.8845932,-18.5206136],[-46.8848005,-18.5206136]],[[-46.8846969,-18.5207787],[-46.8845932,-18.5207787],[-46.8845932,-18.5210264],[-46.8846969,-18.5210264],[-46.8846969,-18.5207787]]],"type":"Polygon"},"properties":{},"type":"Feature"},{"geometry":{"coordinates":[[[-46.8850078,-18.5056716],[-46.8850078,-18.5057541],[-46.8849041,-18.5057541],[-46.8849041,-18.5058367],[-46.8848005,-18.5058367],[-46.8848005,-18.5060018],[-46.8846969,-18.5060018],[-46.8846969,-18.5058367],[-46.8845932,-18.5058367],[-46.8845932,-18.5056716],[-46.8846969,-18.5056716],[-46.8846969,-18.5057541],[-46.8848005,-18.5057541],[-46.8848005,-18.5056716],[-46.8850078,-18.5056716]]],"type":"Polygon"},"properties":{},"type":"Feature"},{"geometry":{"coordinates":[[[-46.8850078,-18.5058367],[-46.8850078,-18.5059192],[-46.8851114,-18.5059192],[-46.8851114,-18.5060018],[-46.8852151,-18.5060018],[-46.8852151,-18.5064145],[-46.8850078,-18.5064145],[-46.8850078,-18.506332],[-46.8849041,-18.506332],[-46.8849041,-18.5058367],[-46.8850078,-18.5058367]]],"type":"Polygon"},"properties":{},"type":"Feature"},{"geometry":{"coordinates":[[[-46.8850078,-18.5170637],[-46.8850078,-18.5171463],[-46.8849041,-18.5171463],[-46.8849041,-18.5173114],[-46.8848005,-18.5173114],[-46.8848005,-18.5171463],[-46.8846969,-18.5171463],[-46.8846969,-18.5170637],[-46.8850078,-18.5170637]]],"type":"Polygon"},"properties":{},"type":"Feature"},{"geometry":{"coordinates":[[[-46.8851114,-18.5001409],[-46.8851114,-18.500306],[-46.8850078,-18.500306],[-46.8850078,-18.5001409],[-46.8851114,-18.5001409]]],"type":"Polygon"},"properties":{},"type":"Feature"},{"geometry":{"coordinates":[[[-46.8851114,-18.5003885],[-46.8851114,-18.5005536],[-46.8852151,-18.5005536],[-46.8852151,-18.5008838],[-46.8850078,-18.5008838],[-46.8850078,-18.5003885],[-46.8851114,-18.5003885]]],"type":"Polygon"},"properties":{},"type":"Feature"},{"geometry":{"coordinates":[[[-46.8853187,-18.5168986],[-46.8853187,-18.5169811],[-46.8852151,-18.5169811],[-46.8852151,-18.5168986],[-46.8853187,-18.5168986]]],"type":"Polygon"},"properties":{},"type":"Feature"},{"geometry":{"coordinates":[[[-46.8854223,-18.5017093],[-46.8854223,-18.5018743],[-46.8852151,-18.5018743],[-46.8852151,-18.5017918],[-46.8853187,-18.5017918],[-46.8853187,-18.5017093],[-46.8854223,-18.5017093]]],"type":"Polygon"},"properties":{},"type":"Feature"},{"geometry":{"coordinates":[[[-46.8854223,-18.5124407],[-46.8854223,-18.5126884],[-46.8853187,-18.5126884],[-46.8853187,-18.5124407],[-46.8854223,-18.5124407]]],"type":"Polygon"},"properties":{},"type":"Feature"},{"geometry":{"coordinates":[[[-46.885526,-18.5154126],[-46.885526,-18.5156603],[-46.8853187,-18.5156603],[-46.8853187,-18.5154952],[-46.8854223,-18.5154952],[-46.8854223,-18.5154126],[-46.885526,-18.5154126]]],"type":"Polygon"},"properties":{},"type":"Feature"},{"geometry":{"coordinates":[[[-46.8856296,-18.5013791],[-46.8856296,-18.5014616],[-46.885526,-18.5014616],[-46.885526,-18.5013791],[-46.8856296,-18.5013791]]],"type":"Polygon"},"properties":{},"type":"Feature"},{"geometry":{"coordinates":[[[-46.8856296,-18.5071575],[-46.8856296,-18.50724],[-46.885526,-18.50724],[-46.885526,-18.5071575],[-46.8856296,-18.5071575]]],"type":"Polygon"},"properties":{},"type":"Feature"},{"geometry":{"coordinates":[[[-46.8856296,-18.5157428],[-46.8856296,-18.5158254],[-46.885526,-18.5158254],[-46.885526,-18.5157428],[-46.8856296,-18.5157428]]],"type":"Polygon"},"properties":{},"type":"Feature"},{"geometry":{"coordinates":[[[-46.8857333,-18.5065796],[-46.8857333,-18.5066622],[-46.8856296,-18.5066622],[-46.8856296,-18.5065796],[-46.8857333,-18.5065796]]],"type":"Polygon"},"properties":{},"type":"Feature"},{"geometry":{"coordinates":[[[-46.8857333,-18.5142569],[-46.8857333,-18.5143394],[-46.8860442,-18.5143394],[-46.8860442,-18.5145871],[-46.8861478,-18.5145871],[-46.8861478,-18.5146696],[-46.8860442,-18.5146696],[-46.8860442,-18.5148347],[-46.8858369,-18.5148347],[-46.8858369,-18.5149999],[-46.8857333,-18.5149999],[-46.8857333,-18.5149173],[-46.8854223,-18.5149173],[-46.8854223,-18.5147522],[-46.885526,-18.5147522],[-46.885526,-18.5142569],[-46.8857333,-18.5142569]]],"type":"Polygon"},"properties":{},"type":"Feature"},{"geometry":{"coordinates":[[[-46.8858369,-18.5070749],[-46.8858369,-18.5071575],[-46.8857333,-18.5071575],[-46.8857333,-18.5070749],[-46.8858369,-18.5070749]]],"type":"Polygon"},"properties":{},"type":"Feature"},{"geometry":{"coordinates":[[[-46.8858369,-18.511285],[-46.8858369,-18.5113675],[-46.8857333,-18.5113675],[-46.8857333,-18.511285],[-46.8858369,-18.511285]]],"type":"Polygon"},"properties":{},"type":"Feature"},{"geometry":{"coordinates":[[[-46.8858369,-18.5127709],[-46.8858369,-18.5128535],[-46.8859406,-18.5128535],[-46.8859406,-18.5130186],[-46.8860442,-18.5130186],[-46.8860442,-18.5131011],[-46.8856296,-18.5131011],[-46.8856296,-18.5128535],[-46.8857333,-18.5128535],[-46.8857333,-18.5127709],[-46.8858369,-18.5127709]]],"type":"Polygon"},"properties":{},"type":"Feature"},{"geometry":{"coordinates":[[[-46.8858369,-18.5159079],[-46.8858369,-18.5159905],[-46.8857333,-18.5159905],[-46.8857333,-18.5159079],[-46.8858369,-18.5159079]]],"type":"Polygon"},"properties":{},"type":"Feature"},{"geometry":{"coordinates":[[[-46.8859406,-18.5009663],[-46.8859406,-18.5010489],[-46.8867697,-18.5010489],[-46.8867697,-18.5012965],[-46.8868733,-18.5012965],[-46.8868733,-18.5013791],[-46.886977,-18.5013791],[-46.886977,-18.5012965],[-46.8870806,-18.5012965],[-46.8870806,-18.501214],[-46.8874952,-18.501214],[-46.8874952,-18.5013791],[-46.8875988,-18.5013791],[-46.8875988,-18.5012965],[-46.8877025,-18.5012965],[-46.8877025,-18.501214],[-46.8878061,-18.501214],[-46.8878061,-18.5012965],[-46.8882207,-18.5012965],[-46.8882207,-18.5013791],[-46.888117,-18.5013791],[-46.888117,-18.5014616],[-46.8886352,-18.5014616],[-46.8886352,-18.502122],[-46.8885316,-18.502122],[-46.8885316,-18.5020394],[-46.8882207,-18.5020394],[-46.8882207,-18.5019569],[-46.8880134,-18.5019569],[-46.8880134,-18.5017918],[-46.8878061,-18.5017918],[-46.8878061,-18.5016267],[-46.8874952,-18.5016267],[-46.8874952,-18.5017093],[-46.8873915,-18.5017093],[-46.8873915,-18.5018743],[-46.8872879,-18.5018743],[-46.8872879,-18.5017093],[-46.8870806,-18.5017093],[-46.8870806,-18.5016267],[-46.886977,-18.5016267],[-46.886977,-18.5017093],[-46.8867697,-18.5017093],[-46.8867697,-18.5014616],[-46.8864588,-18.5014616],[-46.8864588,-18.5013791],[-46.8863551,-18.5013791],[-46.8863551,-18.5012965],[-46.8862515,-18.5012965],[-46.8862515,-18.501214],[-46.8859406,-18.501214],[-46.8859406,-18.5011314],[-46.8858369,-18.5011314],[-46.8858369,-18.5009663],[-46.8859406,-18.5009663]]],"type":"Polygon"},"properties":{},"type":"Feature"},{"geometry":{"coordinates":[[[-46.8859406,-18.5118629],[-46.8859406,-18.5121105],[-46.8856296,-18.5121105],[-46.8856296,-18.512028],[-46.8858369,-18.512028],[-46.8858369,-18.5118629],[-46.8859406,-18.5118629]]],"type":"Polygon"},"properties":{},"type":"Feature"},{"geometry":{"coordinates":[[[-46.8860442,-18.5064971],[-46.8860442,-18.5065796],[-46.8859406,-18.5065796],[-46.8859406,-18.5064971],[-46.8860442,-18.5064971]]],"type":"Polygon"},"properties":{},"type":"Feature"},{"geometry":{"coordinates":[[[-46.8860442,-18.5109548],[-46.8860442,-18.5110373],[-46.8859406,-18.5110373],[-46.8859406,-18.5109548],[-46.8860442,-18.5109548]]],"type":"Polygon"},"properties":{},"type":"Feature"},{"geometry":{"coordinates":[[[-46.8861478,-18.5125233],[-46.8861478,-18.5126884],[-46.8858369,-18.5126884],[-46.8858369,-18.5126058],[-46.8859406,-18.5126058],[-46.8859406,-18.5125233],[-46.8861478,-18.5125233]]],"type":"Polygon"},"properties":{},"type":"Feature"},{"geometry":{"coordinates":[[[-46.8862515,-18.5065796],[-46.8862515,-18.5067447],[-46.8861478,-18.5067447],[-46.8861478,-18.5068273],[-46.8859406,-18.5068273],[-46.8859406,-18.5066622],[-46.8860442,-18.5066622],[-46.8860442,-18.5065796],[-46.8862515,-18.5065796]]],"type":"Polygon"},"properties":{},"type":"Feature"},{"geometry":{"coordinates":[[[-46.8863551,-18.5117803],[-46.8863551,-18.5122756],[-46.8861478,-18.5122756],[-46.8861478,-18.5123582],[-46.8860442,-18.5123582],[-46.8860442,-18.5121105],[-46.8861478,-18.5121105],[-46.8861478,-18.512028],[-46.8860442,-18.512028],[-46.8860442,-18.5117803],[-46.8863551,-18.5117803]]],"type":"Polygon"},"properties":{},"type":"Feature"},{"geometry":{"coordinates":[[[-46.8863551,-18.5124407],[-46.8863551,-18.5125233],[-46.8862515,-18.5125233],[-46.8862515,-18.5124407],[-46.8863551,-18.5124407]]],"type":"Polygon"},"properties":{},"type":"Feature"},{"geometry":{"coordinates":[[[-46.8864588,-18.5056716],[-46.8864588,-18.5058367],[-46.8863551,-18.5058367],[-46.8863551,-18.5056716],[-46.8864588,-18.5056716]]],"type":"Polygon"},"properties":{},"type":"Feature"},{"geometry":{"coordinates":[[[-46.8864588,-18.5116152],[-46.8864588,-18.5116977],[-46.8862515,-18.5116977],[-46.8862515,-18.5116152],[-46.8864588,-18.5116152]]],"type":"Polygon"},"properties":{},"type":"Feature"},{"geometry":{"coordinates":[[[-46.8865624,-18.5058367],[-46.8865624,-18.5059192],[-46.8864588,-18.5059192],[-46.8864588,-18.5058367],[-46.8865624,-18.5058367]]],"type":"Polygon"},"properties":{},"type":"Feature"},{"geometry":{"coordinates":[[[-46.886666,-18.5137616],[-46.886666,-18.5139267],[-46.8863551,-18.5139267],[-46.8863551,-18.5138441],[-46.8864588,-18.5138441],[-46.8864588,-18.5137616],[-46.886666,-18.5137616]]],"type":"Polygon"},"properties":{},"type":"Feature"},{"geometry":{"coordinates":[[[-46.886666,-18.5143394],[-46.886666,-18.5145045],[-46.8865624,-18.5145045],[-46.8865624,-18.5143394],[-46.886666,-18.5143394]]],"type":"Polygon"},"properties":{},"type":"Feature"},{"geometry":{"coordinates":[[[-46.8867697,-18.5098816],[-46.8867697,-18.5099642],[-46.8864588,-18.5099642],[-46.8864588,-18.5098816],[-46.8867697,-18.5098816]]],"type":"Polygon"},"properties":{},"type":"Feature"},{"geometry":{"coordinates":[[[-46.8867697,-18.5139267],[-46.8867697,-18.5140092],[-46.886666,-18.5140092],[-46.886666,-18.5139267],[-46.8867697,-18.5139267]]],"type":"Polygon"},"properties":{},"type":"Feature"},{"geometry":{"coordinates":[[[-46.8867697,-18.5141743],[-46.8867697,-18.5142569],[-46.886666,-18.5142569],[-46.886666,-18.5141743],[-46.8867697,-18.5141743]]],"type":"Polygon"},"properties":{},"type":"Feature"},{"geometry":{"coordinates":[[[-46.8868733,-18.5093863],[-46.8868733,-18.5097991],[-46.8864588,-18.5097991],[-46.8864588,-18.5097165],[-46.8865624,-18.5097165],[-46.8865624,-18.5093863],[-46.8868733,-18.5093863]]],"type":"Polygon"},"properties":{},"type":"Feature"},{"geometry":{"coordinates":[[[-46.8868733,-18.5135964],[-46.8868733,-18.513679],[-46.886666,-18.513679],[-46.886666,-18.5135964],[-46.8868733,-18.5135964]]],"type":"Polygon"},"properties":{},"type":"Feature"},{"geometry":{"coordinates":[[[-46.8870806,-18.5071575],[-46.8870806,-18.5074051],[-46.886977,-18.5074051],[-46.886977,-18.50724],[-46.8868733,-18.50724],[-46.8868733,-18.5071575],[-46.8870806,-18.5071575]]],"type":"Polygon"},"properties":{},"type":"Feature"},{"geometry":{"coordinates":[[[-46.8870806,-18.5348964],[-46.8870806,-18.5349789],[-46.8871843,-18.5349789],[-46.8871843,-18.535144],[-46.8870806,-18.535144],[-46.8870806,-18.5350615],[-46.886977,-18.5350615],[-46.886977,-18.535144],[-46.8868733,-18.535144],[-46.8868733,-18.5354743],[-46.8867697,-18.5354743],[-46.8867697,-18.5353917],[-46.886666,-18.5353917],[-46.886666,-18.5353092],[-46.8865624,-18.5353092],[-46.8865624,-18.535144],[-46.8864588,-18.535144],[-46.8864588,-18.5348964],[-46.8870806,-18.5348964]]],"type":"Polygon"},"properties":{},"type":"Feature"},{"geometry":{"coordinates":[[[-46.8870806,-18.5354743],[-46.8870806,-18.5355569],[-46.886977,-18.5355569],[-46.886977,-18.5354743],[-46.8870806,-18.5354743]]],"type":"Polygon"},"properties":{},"type":"Feature"},{"geometry":{"coordinates":[[[-46.8871843,-18.5356394],[-46.8871843,-18.535722],[-46.8870806,-18.535722],[-46.8870806,-18.5356394],[-46.8871843,-18.5356394]]],"type":"Polygon"},"properties":{},"type":"Feature"},{"geometry":{"coordinates":[[[-46.8872879,-18.5049286],[-46.8872879,-18.5050112],[-46.8871843,-18.5050112],[-46.8871843,-18.5049286],[-46.8872879,-18.5049286]]],"type":"Polygon"},"properties":{},"type":"Feature"},{"geometry":{"coordinates":[[[-46.8872879,-18.535144],[-46.8872879,-18.5352266],[-46.8871843,-18.5352266],[-46.8871843,-18.535144],[-46.8872879,-18.535144]]],"type":"Polygon"},"properties":{},"type":"Feature"},{"geometry":{"coordinates":[[[-46.8873915,-18.503938],[-46.8873915,-18.5041857],[-46.8872879,-18.5041857],[-46.8872879,-18.503938],[-46.8873915,-18.503938]]],"type":"Polygon"},"properties":{},"type":"Feature"},{"geometry":{"coordinates":[[[-46.8873915,-18.5052588],[-46.8873915,-18.5054239],[-46.8872879,-18.5054239],[-46.8872879,-18.5052588],[-46.8873915,-18.5052588]]],"type":"Polygon"},"properties":{},"type":"Feature"},{"geometry":{"coordinates":[[[-46.8873915,-18.5353092],[-46.8873915,-18.5354743],[-46.8872879,-18.5354743],[-46.8872879,-18.5353092],[-46.8873915,-18.5353092]]],"type":"Polygon"},"properties":{},"type":"Feature"},{"geometry":{"coordinates":[[[-46.8873915,-18.5356394],[-46.8873915,-18.535722],[-46.8872879,-18.535722],[-46.8872879,-18.5356394],[-46.8873915,-18.5356394]]],"type":"Polygon"},"properties":{},"type":"Feature"},{"geometry":{"coordinates":[[[-46.8874952,-18.5097165],[-46.8874952,-18.5097991],[-46.8873915,-18.5097991],[-46.8873915,-18.5097165],[-46.8874952,-18.5097165]]],"type":"Polygon"},"properties":{},"type":"Feature"},{"geometry":{"coordinates":[[[-46.8874952,-18.5107071],[-46.8874952,-18.5107897],[-46.8873915,-18.5107897],[-46.8873915,-18.5110373],[-46.8871843,-18.5110373],[-46.8871843,-18.5111199],[-46.8870806,-18.5111199],[-46.8870806,-18.5112024],[-46.886977,-18.5112024],[-46.886977,-18.5111199],[-46.8868733,-18.5111199],[-46.8868733,-18.5112024],[-46.8867697,-18.5112024],[-46.8867697,-18.511285],[-46.886666,-18.511285],[-46.886666,-18.5112024],[-46.8865624,-18.5112024],[-46.8865624,-18.5111199],[-46.8867697,-18.5111199],[-46.8867697,-18.5109548],[-46.8868733,-18.5109548],[-46.8868733,-18.5108722],[-46.886977,-18.5108722],[-46.886977,-18.5107897],[-46.8870806,-18.5107897],[-46.8870806,-18.5107071],[-46.8874952,-18.5107071]],[[-46.8872879,-18.5107897],[-46.8871843,-18.5107897],[-46.8871843,-18.5108722],[-46.8872879,-18.5108722],[-46.8872879,-18.5107897]],[[-46.8871843,-18.5108722],[-46.8870806,-18.5108722],[-46.8870806,-18.5109548],[-46.8871843,-18.5109548],[-46.8871843,-18.5108722]]],"type":"Polygon"},"properties":{},"type":"Feature"},{"geometry":{"coordinates":[[[-46.8874952,-18.5354743],[-46.8874952,-18.5356394],[-46.8873915,-18.5356394],[-46.8873915,-18.5354743],[-46.8874952,-18.5354743]]],"type":"Polygon"},"properties":{},"type":"Feature"},{"geometry":{"coordinates":[[[-46.8877025,-18.5049286],[-46.8877025,-18.5050112],[-46.8874952,-18.5050112],[-46.8874952,-18.5049286],[-46.8877025,-18.5049286]]],"type":"Polygon"},"properties":{},"type":"Feature"},{"geometry":{"coordinates":[[[-46.8877025,-18.5097991],[-46.8877025,-18.5100467],[-46.8878061,-18.5100467],[-46.8878061,-18.5101293],[-46.8877025,-18.5101293],[-46.8877025,-18.5103769],[-46.8878061,-18.5103769],[-46.8878061,-18.510542],[-46.8874952,-18.510542],[-46.8874952,-18.5106246],[-46.8872879,-18.5106246],[-46.8872879,-18.5101293],[-46.8873915,-18.5101293],[-46.8873915,-18.5100467],[-46.8874952,-18.5100467],[-46.8874952,-18.5099642],[-46.8875988,-18.5099642],[-46.8875988,-18.5097991],[-46.8877025,-18.5097991]]],"type":"Polygon"},"properties":{},"type":"Feature"},{"geometry":{"coordinates":[[[-46.8878061,-18.5073226],[-46.8878061,-18.5074877],[-46.8874952,-18.5074877],[-46.8874952,-18.5073226],[-46.8878061,-18.5073226]]],"type":"Polygon"},"properties":{},"type":"Feature"},{"geometry":{"coordinates":[[[-46.8879097,-18.5028649],[-46.8879097,-18.50303],[-46.888117,-18.50303],[-46.888117,-18.5029475],[-46.8882207,-18.5029475],[-46.8882207,-18.50303],[-46.8886352,-18.50303],[-46.8886352,-18.5031951],[-46.8882207,-18.5031951],[-46.8882207,-18.5033602],[-46.8874952,-18.5033602],[-46.8874952,-18.5032777],[-46.8873915,-18.5032777],[-46.8873915,-18.5031951],[-46.8874952,-18.5031951],[-46.8874952,-18.50303],[-46.8875988,-18.50303],[-46.8875988,-18.5029475],[-46.8878061,-18.5029475],[-46.8878061,-18.5028649],[-46.8879097,-18.5028649]]],"type":"Polygon"},"properties":{},"type":"Feature"},{"geometry":{"coordinates":[[[-46.8879097,-18.5102118],[-46.8879097,-18.5102944],[-46.8878061,-18.5102944],[-46.8878061,-18.5102118],[-46.8879097,-18.5102118]]],"type":"Polygon"},"properties":{},"type":"Feature"},{"geometry":{"coordinates":[[[-46.8880134,-18.5043508],[-46.8880134,-18.5044333],[-46.8879097,-18.5044333],[-46.8879097,-18.5043508],[-46.8880134,-18.5043508]]],"type":"Polygon"},"properties":{},"type":"Feature"},{"geometry":{"coordinates":[[[-46.888117,-18.5066622],[-46.888117,-18.5067447],[-46.8880134,-18.5067447],[-46.8880134,-18.5066622],[-46.888117,-18.5066622]]],"type":"Polygon"},"properties":{},"type":"Feature"},{"geometry":{"coordinates":[[[-46.888428,-18.5064145],[-46.888428,-18.5064971],[-46.8883243,-18.5064971],[-46.8883243,-18.5064145],[-46.888428,-18.5064145]]],"type":"Polygon"},"properties":{},"type":"Feature"},{"geometry":{"coordinates":[[[-46.8885316,-18.509634],[-46.8885316,-18.5097165],[-46.888428,-18.5097165],[-46.888428,-18.509634],[-46.8885316,-18.509634]]],"type":"Polygon"},"properties":{},"type":"Feature"},{"geometry":{"coordinates":[[[-46.8885316,-18.5097991],[-46.8885316,-18.5098816],[-46.8886352,-18.5098816],[-46.8886352,-18.5102944],[-46.8885316,-18.5102944],[-46.8885316,-18.5103769],[-46.888428,-18.5103769],[-46.888428,-18.510542],[-46.888117,-18.510542],[-46.888117,-18.5108722],[-46.8882207,-18.5108722],[-46.8882207,-18.5112024],[-46.888428,-18.5112024],[-46.888428,-18.5113675],[-46.8883243,-18.5113675],[-46.8883243,-18.5115326],[-46.8882207,-18.5115326],[-46.8882207,-18.5114501],[-46.888117,-18.5114501],[-46.888117,-18.5117803],[-46.8880134,-18.5117803],[-46.8880134,-18.5119454],[-46.8878061,-18.5119454],[-46.8878061,-18.5128535],[-46.8875988,-18.5128535],[-46.8875988,-18.5130186],[-46.8874952,-18.5130186],[-46.8874952,-18.5132662],[-46.8873915,-18.5132662],[-46.8873915,-18.5135964],[-46.8872879,-18.5135964],[-46.8872879,-18.513679],[-46.8871843,-18.513679],[-46.8871843,-18.5137616],[-46.8872879,-18.5137616],[-46.8872879,-18.5139267],[-46.8871843,-18.5139267],[-46.8871843,-18.5140092],[-46.8872879,-18.5140092],[-46.8872879,-18.5140918],[-46.8871843,-18.5140918],[-46.8871843,-18.5142569],[-46.8870806,-18.5142569],[-46.8870806,-18.5141743],[-46.886977,-18.5141743],[-46.886977,-18.5138441],[-46.8870806,-18.5138441],[-46.8870806,-18.5135964],[-46.8868733,-18.5135964],[-46.8868733,-18.5134313],[-46.8867697,-18.5134313],[-46.8867697,-18.5131837],[-46.886977,-18.5131837],[-46.886977,-18.5130186],[-46.8870806,-18.5130186],[-46.8870806,-18.512936],[-46.8871843,-18.512936],[-46.8871843,-18.5127709],[-46.8872879,-18.5127709],[-46.8872879,-18.5117803],[-46.8873915,-18.5117803],[-46.8873915,-18.5116977],[-46.8874952,-18.5116977],[-46.8874952,-18.511285],[-46.8875988,-18.511285],[-46.8875988,-18.5111199],[-46.8877025,-18.5111199],[-46.8877025,-18.5110373],[-46.8878061,-18.5110373],[-46.8878061,-18.5109548],[-46.8879097,-18.5109548],[-46.8879097,-18.5102944],[-46.8880134,-18.5102944],[-46.8880134,-18.5101293],[-46.888117,-18.5101293],[-46.888117,-18.5099642],[-46.8882207,-18.5099642],[-46.8882207,-18.5097991],[-46.8885316,-18.5097991]],[[-46.8877025,-18.5118629],[-46.8875988,-18.5118629],[-46.8875988,-18.5119454],[-46.8877025,-18.5119454],[-46.8877025,-18.5118629]],[[-46.8873915,-18.512936],[-46.8872879,-18.512936],[-46.8872879,-18.5130186],[-46.8873915,-18.5130186],[-46.8873915,-18.512936]],[[-46.8871843,-18.5131837],[-46.8870806,-18.5131837],[-46.8870806,-18.5134313],[-46.8871843,-18.5134313],[-46.8871843,-18.5131837]]],"type":"Polygon"},"properties":{},"type":"Feature"},{"geometry":{"coordinates":[[[-46.8886352,-18.5033602],[-46.8886352,-18.5036078],[-46.8888425,-18.5036078],[-46.8888425,-18.503938],[-46.8887389,-18.503938],[-46.8887389,-18.5038555],[-46.8883243,-18.5038555],[-46.8883243,-18.5037729],[-46.8882207,-18.5037729],[-46.8882207,-18.5038555],[-46.8879097,-18.5038555],[-46.8879097,-18.5040206],[-46.8874952,-18.5040206],[-46.8874952,-18.503938],[-46.8873915,-18.503938],[-46.8873915,-18.5038555],[-46.8875988,-18.5038555],[-46.8875988,-18.5036904],[-46.8883243,-18.5036904],[-46.8883243,-18.5036078],[-46.8882207,-18.5036078],[-46.8882207,-18.5035253],[-46.8883243,-18.5035253],[-46.8883243,-18.5034428],[-46.888428,-18.5034428],[-46.888428,-18.5033602],[-46.8886352,-18.5033602]]],"type":"Polygon"},"properties":{},"type":"Feature"},{"geometry":{"coordinates":[[[-46.8886352,-18.5060018],[-46.8886352,-18.506332],[-46.8885316,-18.506332],[-46.8885316,-18.5064145],[-46.888428,-18.5064145],[-46.888428,-18.5062494],[-46.8885316,-18.5062494],[-46.8885316,-18.5060018],[-46.8886352,-18.5060018]]],"type":"Polygon"},"properties":{},"type":"Feature"},{"geometry":{"coordinates":[[[-46.8891534,-18.5342359],[-46.8891534,-18.5343184],[-46.8890498,-18.5343184],[-46.8890498,-18.5342359],[-46.8891534,-18.5342359]]],"type":"Polygon"},"properties":{},"type":"Feature"},{"geometry":{"coordinates":[[[-46.8891534,-18.534401],[-46.8891534,-18.5344835],[-46.8889462,-18.5344835],[-46.8889462,-18.534401],[-46.8891534,-18.534401]]],"type":"Polygon"},"properties":{},"type":"Feature"},{"geometry":{"coordinates":[[[-46.8891534,-18.5354743],[-46.8891534,-18.5355569],[-46.8893607,-18.5355569],[-46.8893607,-18.5359697],[-46.8892571,-18.5359697],[-46.8892571,-18.5362999],[-46.8890498,-18.5362999],[-46.8890498,-18.5361348],[-46.8889462,-18.5361348],[-46.8889462,-18.5358871],[-46.8890498,-18.5358871],[-46.8890498,-18.5354743],[-46.8891534,-18.5354743]]],"type":"Polygon"},"properties":{},"type":"Feature"},{"geometry":{"coordinates":[[[-46.8894644,-18.5017918],[-46.8894644,-18.5019569],[-46.8893607,-18.5019569],[-46.8893607,-18.5017918],[-46.8894644,-18.5017918]]],"type":"Polygon"},"properties":{},"type":"Feature"},{"geometry":{"coordinates":[[[-46.8894644,-18.5036904],[-46.8894644,-18.5037729],[-46.8893607,-18.5037729],[-46.8893607,-18.5036904],[-46.8894644,-18.5036904]]],"type":"Polygon"},"properties":{},"type":"Feature"},{"geometry":{"coordinates":[[[-46.8897753,-18.5017093],[-46.8897753,-18.5017918],[-46.889568,-18.5017918],[-46.889568,-18.5017093],[-46.8897753,-18.5017093]]],"type":"Polygon"},"properties":{},"type":"Feature"},{"geometry":{"coordinates":[[[-46.8898789,-18.5290345],[-46.8898789,-18.5291171],[-46.8899826,-18.5291171],[-46.8899826,-18.5291996],[-46.8900862,-18.5291996],[-46.8900862,-18.5292822],[-46.8902935,-18.5292822],[-46.8902935,-18.5293647],[-46.8900862,-18.5293647],[-46.8900862,-18.5294473],[-46.8901899,-18.5294473],[-46.8901899,-18.5295299],[-46.8902935,-18.5295299],[-46.8902935,-18.5299427],[-46.8903971,-18.5299427],[-46.8903971,-18.5300252],[-46.8905008,-18.5300252],[-46.8905008,-18.5301078],[-46.8903971,-18.5301078],[-46.8903971,-18.5301903],[-46.8905008,-18.5301903],[-46.8905008,-18.5302729],[-46.8902935,-18.5302729],[-46.8902935,-18.5305206],[-46.8900862,-18.5305206],[-46.8900862,-18.5309334],[-46.8899826,-18.5309334],[-46.8899826,-18.5310985],[-46.8898789,-18.5310985],[-46.8898789,-18.5312636],[-46.8897753,-18.5312636],[-46.8897753,-18.5315939],[-46.8898789,-18.5315939],[-46.8898789,-18.5316764],[-46.8900862,-18.5316764],[-46.8900862,-18.5314288],[-46.8901899,-18.5314288],[-46.8901899,-18.5313462],[-46.8903971,-18.5313462],[-46.8903971,-18.5312636],[-46.8902935,-18.5312636],[-46.8902935,-18.531016],[-46.8903971,-18.531016],[-46.8903971,-18.5308508],[-46.8905008,-18.5308508],[-46.8905008,-18.5307683],[-46.8906044,-18.5307683],[-46.8906044,-18.5308508],[-46.8909154,-18.5308508],[-46.8909154,-18.5309334],[-46.891019,-18.5309334],[-46.891019,-18.531016],[-46.8915372,-18.531016],[-46.8915372,-18.5310985],[-46.8916408,-18.5310985],[-46.8916408,-18.5311811],[-46.8918481,-18.5311811],[-46.8918481,-18.5312636],[-46.8920554,-18.5312636],[-46.8920554,-18.5313462],[-46.8922627,-18.5313462],[-46.8922627,-18.5314288],[-46.89247,-18.5314288],[-46.89247,-18.5313462],[-46.8925736,-18.5313462],[-46.8925736,-18.5314288],[-46.8926773,-18.5314288],[-46.8926773,-18.5312636],[-46.8928845,-18.5312636],[-46.8928845,-18.5313462],[-46.8929882,-18.5313462],[-46.8929882,-18.5314288],[-46.8931955,-18.5314288],[-46.8931955,-18.5315113],[-46.8932991,-18.5315113],[-46.8932991,-18.5315939],[-46.8935064,-18.5315939],[-46.8935064,-18.531759],[-46.8934028,-18.531759],[-46.8934028,-18.5319241],[-46.8932991,-18.5319241],[-46.8932991,-18.5320892],[-46.8928845,-18.5320892],[-46.8928845,-18.5321718],[-46.8927809,-18.5321718],[-46.8927809,-18.5320067],[-46.8923663,-18.5320067],[-46.8923663,-18.5319241],[-46.8921591,-18.5319241],[-46.8921591,-18.5320067],[-46.8922627,-18.5320067],[-46.8922627,-18.5321718],[-46.8921591,-18.5321718],[-46.8921591,-18.5322544],[-46.8922627,-18.5322544],[-46.8922627,-18.5323369],[-46.8927809,-18.5323369],[-46.8927809,-18.5324195],[-46.8928845,-18.5324195],[-46.8928845,-18.5325021],[-46.8929882,-18.5325021],[-46.8929882,-18.5327497],[-46.8928845,-18.5327497],[-46.8928845,-18.5328323],[-46.8927809,-18.5328323],[-46.8927809,-18.5332451],[-46.8926773,-18.5332451],[-46.8926773,-18.5334102],[-46.8922627,-18.5334102],[-46.8922627,-18.5334928],[-46.8920554,-18.5334928],[-46.8920554,-18.5335754],[-46.8919518,-18.5335754],[-46.8919518,-18.5334928],[-46.8918481,-18.5334928],[-46.8918481,-18.5336579],[-46.8919518,-18.5336579],[-46.8919518,-18.5337405],[-46.8920554,-18.5337405],[-46.8920554,-18.534401],[-46.8918481,-18.534401],[-46.8918481,-18.5344835],[-46.8917445,-18.5344835],[-46.8917445,-18.5343184],[-46.8915372,-18.5343184],[-46.8915372,-18.5339882],[-46.8914336,-18.5339882],[-46.8914336,-18.5334928],[-46.8913299,-18.5334928],[-46.8913299,-18.5334102],[-46.8912263,-18.5334102],[-46.8912263,-18.5333277],[-46.8911226,-18.5333277],[-46.8911226,-18.5332451],[-46.891019,-18.5332451],[-46.891019,-18.53308],[-46.8909154,-18.53308],[-46.8909154,-18.5329149],[-46.8908117,-18.5329149],[-46.8908117,-18.5327497],[-46.8906044,-18.5327497],[-46.8906044,-18.5329149],[-46.8907081,-18.5329149],[-46.8907081,-18.5331626],[-46.8908117,-18.5331626],[-46.8908117,-18.5333277],[-46.8909154,-18.5333277],[-46.8909154,-18.5334928],[-46.8908117,-18.5334928],[-46.8908117,-18.5335754],[-46.8909154,-18.5335754],[-46.8909154,-18.5336579],[-46.8911226,-18.5336579],[-46.8911226,-18.5337405],[-46.8912263,-18.5337405],[-46.8912263,-18.5339056],[-46.8913299,-18.5339056],[-46.8913299,-18.5340707],[-46.8914336,-18.5340707],[-46.8914336,-18.534401],[-46.8915372,-18.534401],[-46.8915372,-18.5344835],[-46.8914336,-18.5344835],[-46.8914336,-18.5345661],[-46.8916408,-18.5345661],[-46.8916408,-18.5348964],[-46.8914336,-18.5348964],[-46.8914336,-18.5350615],[-46.8913299,-18.5350615],[-46.8913299,-18.5352266],[-46.8911226,-18.5352266],[-46.8911226,-18.5353917],[-46.891019,-18.5353917],[-46.891019,-18.5355569],[-46.8909154,-18.5355569],[-46.8909154,-18.535722],[-46.8908117,-18.535722],[-46.8908117,-18.5358046],[-46.8907081,-18.5358046],[-46.8907081,-18.5361348],[-46.8906044,-18.5361348],[-46.8906044,-18.5362999],[-46.8903971,-18.5362999],[-46.8903971,-18.5366302],[-46.8900862,-18.5366302],[-46.8900862,-18.5364651],[-46.8899826,-18.5364651],[-46.8899826,-18.5366302],[-46.889568,-18.5366302],[-46.889568,-18.5362999],[-46.8896717,-18.5362999],[-46.8896717,-18.5352266],[-46.8897753,-18.5352266],[-46.8897753,-18.5350615],[-46.8898789,-18.5350615],[-46.8898789,-18.5344835],[-46.8899826,-18.5344835],[-46.8899826,-18.534401],[-46.8900862,-18.534401],[-46.8900862,-18.5345661],[-46.8901899,-18.5345661],[-46.8901899,-18.5346487],[-46.8902935,-18.5346487],[-46.8902935,-18.5344835],[-46.8905008,-18.5344835],[-46.8905008,-18.534401],[-46.8901899,-18.534401],[-46.8901899,-18.5343184],[-46.8900862,-18.5343184],[-46.8900862,-18.5339882],[-46.8901899,-18.5339882],[-46.8901899,-18.533823],[-46.8902935,-18.533823],[-46.8902935,-18.5337405],[-46.8903971,-18.5337405],[-46.8903971,-18.5334928],[-46.8901899,-18.5334928],[-46.8901899,-18.5335754],[-46.8900862,-18.5335754],[-46.8900862,-18.5337405],[-46.8899826,-18.5337405],[-46.8899826,-18.5339882],[-46.8898789,-18.5339882],[-46.8898789,-18.5341533],[-46.8899826,-18.5341533],[-46.8899826,-18.5343184],[-46.8897753,-18.5343184],[-46.8897753,-18.534401],[-46.8896717,-18.534401],[-46.8896717,-18.5344835],[-46.889568,-18.5344835],[-46.889568,-18.5347312],[-46.8894644,-18.5347312],[-46.8894644,-18.5348964],[-46.8893607,-18.5348964],[-46.8893607,-18.5341533],[-46.8890498,-18.5341533],[-46.8890498,-18.5340707],[-46.8889462,-18.5340707],[-46.8889462,-18.5336579],[-46.8890498,-18.5336579],[-46.8890498,-18.5335754],[-46.8889462,-18.5335754],[-46.8889462,-18.5334928],[-46.8890498,-18.5334928],[-46.8890498,-18.5334102],[-46.8891534,-18.5334102],[-46.8891534,-18.5328323],[-46.8892571,-18.5328323],[-46.8892571,-18.5327497],[-46.8890498,-18.5327497],[-46.8890498,-18.5329974],[-46.8888425,-18.5329974],[-46.8888425,-18.53308],[-46.8886352,-18.53308],[-46.8886352,-18.5331626],[-46.8887389,-18.5331626],[-46.8887389,-18.5332451],[-46.8883243,-18.5332451],[-46.8883243,-18.53308],[-46.8882207,-18.53308],[-46.8882207,-18.5331626],[-46.888117,-18.5331626],[-46.888117,-18.53308],[-46.8880134,-18.53308],[-46.8880134,-18.5332451],[-46.888117,-18.5332451],[-46.888117,-18.5334102],[-46.8880134,-18.5334102],[-46.8880134,-18.5339882],[-46.8879097,-18.5339882],[-46.8879097,-18.5342359],[-46.8878061,-18.5342359],[-46.8878061,-18.5343184],[-46.8877025,-18.5343184],[-46.8877025,-18.534401],[-46.8875988,-18.534401],[-46.8875988,-18.5342359],[-46.8874952,-18.5342359],[-46.8874952,-18.5343184],[-46.8872879,-18.5343184],[-46.8872879,-18.5331626],[-46.8873915,-18.5331626],[-46.8873915,-18.5326672],[-46.8874952,-18.5326672],[-46.8874952,-18.5325021],[-46.8875988,-18.5325021],[-46.8875988,-18.5320892],[-46.8878061,-18.5320892],[-46.8878061,-18.5315113],[-46.8879097,-18.5315113],[-46.8879097,-18.5313462],[-46.8880134,-18.5313462],[-46.8880134,-18.531016],[-46.888117,-18.531016],[-46.888117,-18.5307683],[-46.8882207,-18.5307683],[-46.8882207,-18.5306857],[-46.8883243,-18.5306857],[-46.8883243,-18.5303555],[-46.8885316,-18.5303555],[-46.8885316,-18.5299427],[-46.8886352,-18.5299427],[-46.8886352,-18.529695],[-46.8887389,-18.529695],[-46.8887389,-18.5296124],[-46.8888425,-18.5296124],[-46.8888425,-18.5294473],[-46.8890498,-18.5294473],[-46.8890498,-18.5293647],[-46.8891534,-18.5293647],[-46.8891534,-18.5292822],[-46.8892571,-18.5292822],[-46.8892571,-18.5291171],[-46.8894644,-18.5291171],[-46.8894644,-18.5290345],[-46.8898789,-18.5290345]],[[-46.8896717,-18.5301078],[-46.889568,-18.5301078],[-46.889568,-18.5301903],[-46.8896717,-18.5301903],[-46.8896717,-18.5301078]],[[-46.8893607,-18.5301903],[-46.8891534,-18.5301903],[-46.8891534,-18.5303555],[-46.8890498,-18.5303555],[-46.8890498,-18.530438],[-46.8892571,-18.530438],[-46.8892571,-18.5302729],[-46.8893607,-18.5302729],[-46.8893607,-18.5301903]],[[-46.8890498,-18.530438],[-46.8889462,-18.530438],[-46.8889462,-18.5306031],[-46.8890498,-18.5306031],[-46.8890498,-18.530438]],[[-46.8887389,-18.5309334],[-46.8886352,-18.5309334],[-46.8886352,-18.531016],[-46.8887389,-18.531016],[-46.8887389,-18.5309334]],[[-46.8915372,-18.5315939],[-46.8914336,-18.5315939],[-46.8914336,-18.5316764],[-46.8913299,-18.5316764],[-46.8913299,-18.5318416],[-46.8916408,-18.5318416],[-46.8916408,-18.5319241],[-46.8918481,-18.5319241],[-46.8918481,-18.5320892],[-46.8920554,-18.5320892],[-46.8920554,-18.5319241],[-46.8919518,-18.5319241],[-46.8919518,-18.5318416],[-46.8917445,-18.5318416],[-46.8917445,-18.5316764],[-46.8915372,-18.5316764],[-46.8915372,-18.5315939]],[[-46.8913299,-18.5315939],[-46.8907081,-18.5315939],[-46.8907081,-18.5319241],[-46.8908117,-18.5319241],[-46.8908117,-18.5318416],[-46.8912263,-18.5318416],[-46.8912263,-18.5316764],[-46.8913299,-18.5316764],[-46.8913299,-18.5315939]],[[-46.8903971,-18.5320067],[-46.8900862,-18.5320067],[-46.8900862,-18.5323369],[-46.8901899,-18.5323369],[-46.8901899,-18.5324195],[-46.8902935,-18.5324195],[-46.8902935,-18.5325021],[-46.8905008,-18.5325021],[-46.8905008,-18.5326672],[-46.8906044,-18.5326672],[-46.8906044,-18.5324195],[-46.8907081,-18.5324195],[-46.8907081,-18.5323369],[-46.8908117,-18.5323369],[-46.8908117,-18.5322544],[-46.8907081,-18.5322544],[-46.8907081,-18.5321718],[-46.8903971,-18.5321718],[-46.8903971,-18.5320067]],[[-46.8893607,-18.5321718],[-46.8892571,-18.5321718],[-46.8892571,-18.5322544],[-46.8893607,-18.5322544],[-46.8893607,-18.5321718]],[[-46.8894644,-18.5322544],[-46.8893607,-18.5322544],[-46.8893607,-18.5323369],[-46.8892571,-18.5323369],[-46.8892571,-18.5324195],[-46.8893607,-18.5324195],[-46.8893607,-18.5325021],[-46.889568,-18.5325021],[-46.889568,-18.5324195],[-46.8894644,-18.5324195],[-46.8894644,-18.5322544]],[[-46.8921591,-18.5323369],[-46.8913299,-18.5323369],[-46.8913299,-18.5325021],[-46.8915372,-18.5325021],[-46.8915372,-18.5325846],[-46.8917445,-18.5325846],[-46.8917445,-18.5326672],[-46.8919518,-18.5326672],[-46.8919518,-18.5325846],[-46.8920554,-18.5325846],[-46.8920554,-18.5327497],[-46.8923663,-18.5327497],[-46.8923663,-18.5328323],[-46.8927809,-18.5328323],[-46.8927809,-18.5327497],[-46.8926773,-18.5327497],[-46.8926773,-18.5326672],[-46.89247,-18.5326672],[-46.89247,-18.5325846],[-46.8923663,-18.5325846],[-46.8923663,-18.5325021],[-46.8922627,-18.5325021],[-46.8922627,-18.5324195],[-46.8921591,-18.5324195],[-46.8921591,-18.5323369]],[[-46.8900862,-18.5323369],[-46.8899826,-18.5323369],[-46.8899826,-18.5324195],[-46.8900862,-18.5324195],[-46.8900862,-18.5323369]],[[-46.8893607,-18.5325021],[-46.8892571,-18.5325021],[-46.8892571,-18.5327497],[-46.8893607,-18.5327497],[-46.8893607,-18.5325021]],[[-46.8908117,-18.5344835],[-46.8907081,-18.5344835],[-46.8907081,-18.5345661],[-46.8906044,-18.5345661],[-46.8906044,-18.5346487],[-46.8907081,-18.5346487],[-46.8907081,-18.5347312],[-46.8909154,-18.5347312],[-46.8909154,-18.5348138],[-46.8911226,-18.5348138],[-46.8911226,-18.5345661],[-46.8908117,-18.5345661],[-46.8908117,-18.5344835]]],"type":"Polygon"},"properties":{},"type":"Feature"},{"geometry":{"coordinates":[[[-46.8899826,-18.5064971],[-46.8899826,-18.5068273],[-46.8898789,-18.5068273],[-46.8898789,-18.5073226],[-46.8899826,-18.5073226],[-46.8899826,-18.5078179],[-46.8896717,-18.5078179],[-46.8896717,-18.5079004],[-46.8897753,-18.5079004],[-46.8897753,-18.507983],[-46.8896717,-18.507983],[-46.8896717,-18.5080655],[-46.889568,-18.5080655],[-46.889568,-18.5082306],[-46.8894644,-18.5082306],[-46.8894644,-18.5083957],[-46.8893607,-18.5083957],[-46.8893607,-18.5087259],[-46.8892571,-18.5087259],[-46.8892571,-18.508891],[-46.8891534,-18.508891],[-46.8891534,-18.5090561],[-46.8889462,-18.5090561],[-46.8889462,-18.5092212],[-46.8888425,-18.5092212],[-46.8888425,-18.5093038],[-46.8885316,-18.5093038],[-46.8885316,-18.5092212],[-46.8886352,-18.5092212],[-46.8886352,-18.508891],[-46.8887389,-18.508891],[-46.8887389,-18.5085608],[-46.8888425,-18.5085608],[-46.8888425,-18.5083957],[-46.8887389,-18.5083957],[-46.8887389,-18.5083132],[-46.8886352,-18.5083132],[-46.8886352,-18.5081481],[-46.8885316,-18.5081481],[-46.8885316,-18.507983],[-46.888428,-18.507983],[-46.888428,-18.5079004],[-46.8886352,-18.5079004],[-46.8886352,-18.5078179],[-46.8890498,-18.5078179],[-46.8890498,-18.5076528],[-46.8892571,-18.5076528],[-46.8892571,-18.507983],[-46.889568,-18.507983],[-46.889568,-18.5077353],[-46.8894644,-18.5077353],[-46.8894644,-18.5078179],[-46.8893607,-18.5078179],[-46.8893607,-18.5073226],[-46.8894644,-18.5073226],[-46.8894644,-18.5071575],[-46.889568,-18.5071575],[-46.889568,-18.5070749],[-46.8896717,-18.5070749],[-46.8896717,-18.5069098],[-46.889568,-18.5069098],[-46.889568,-18.5066622],[-46.8897753,-18.5066622],[-46.8897753,-18.5064971],[-46.8899826,-18.5064971]],[[-46.8897753,-18.50724],[-46.889568,-18.50724],[-46.889568,-18.5073226],[-46.8896717,-18.5073226],[-46.8896717,-18.5074051],[-46.8897753,-18.5074051],[-46.8897753,-18.50724]],[[-46.8890498,-18.5087259],[-46.8889462,-18.5087259],[-46.8889462,-18.5088085],[-46.8890498,-18.5088085],[-46.8890498,-18.5087259]]],"type":"Polygon"},"properties":{},"type":"Feature"},{"geometry":{"coordinates":[[[-46.8900862,-18.5027824],[-46.8900862,-18.5028649],[-46.8898789,-18.5028649],[-46.8898789,-18.5029475],[-46.8899826,-18.5029475],[-46.8899826,-18.50303],[-46.8898789,-18.50303],[-46.8898789,-18.5033602],[-46.8897753,-18.5033602],[-46.8897753,-18.5034428],[-46.8894644,-18.5034428],[-46.8894644,-18.5035253],[-46.8893607,-18.5035253],[-46.8893607,-18.5033602],[-46.8892571,-18.5033602],[-46.8892571,-18.5032777],[-46.8891534,-18.5032777],[-46.8891534,-18.5029475],[-46.8892571,-18.5029475],[-46.8892571,-18.5028649],[-46.8896717,-18.5028649],[-46.8896717,-18.5027824],[-46.8900862,-18.5027824]]],"type":"Polygon"},"properties":{},"type":"Feature"},{"geometry":{"coordinates":[[[-46.8900862,-18.5060843],[-46.8900862,-18.5062494],[-46.8899826,-18.5062494],[-46.8899826,-18.5060843],[-46.8900862,-18.5060843]]],"type":"Polygon"},"properties":{},"type":"Feature"},{"geometry":{"coordinates":[[[-46.8902935,-18.5064145],[-46.8902935,-18.5064971],[-46.8901899,-18.5064971],[-46.8901899,-18.5064145],[-46.8902935,-18.5064145]]],"type":"Polygon"},"properties":{},"type":"Feature"},{"geometry":{"coordinates":[[[-46.8905008,-18.5014616],[-46.8905008,-18.5015442],[-46.8903971,-18.5015442],[-46.8903971,-18.5014616],[-46.8905008,-18.5014616]]],"type":"Polygon"},"properties":{},"type":"Feature"},{"geometry":{"coordinates":[[[-46.8907081,-18.50303],[-46.8907081,-18.5031951],[-46.8905008,-18.5031951],[-46.8905008,-18.50303],[-46.8907081,-18.50303]]],"type":"Polygon"},"properties":{},"type":"Feature"},{"geometry":{"coordinates":[[[-46.8913299,-18.5066622],[-46.8913299,-18.5069098],[-46.8912263,-18.5069098],[-46.8912263,-18.5068273],[-46.8911226,-18.5068273],[-46.8911226,-18.5066622],[-46.8913299,-18.5066622]]],"type":"Polygon"},"properties":{},"type":"Feature"},{"geometry":{"coordinates":[[[-46.8919518,-18.5294473],[-46.8919518,-18.5296124],[-46.8918481,-18.5296124],[-46.8918481,-18.5298601],[-46.8916408,-18.5298601],[-46.8916408,-18.5296124],[-46.8917445,-18.5296124],[-46.8917445,-18.5294473],[-46.8919518,-18.5294473]]],"type":"Polygon"},"properties":{},"type":"Feature"},{"geometry":{"coordinates":[[[-46.8920554,-18.5298601],[-46.8920554,-18.5300252],[-46.8919518,-18.5300252],[-46.8919518,-18.5298601],[-46.8920554,-18.5298601]]],"type":"Polygon"},"properties":{},"type":"Feature"},{"geometry":{"coordinates":[[[-46.8922627,-18.5299427],[-46.8922627,-18.5300252],[-46.8921591,-18.5300252],[-46.8921591,-18.5299427],[-46.8922627,-18.5299427]]],"type":"Polygon"},"properties":{},"type":"Feature"},{"geometry":{"coordinates":[[[-46.8926773,-18.5007187],[-46.8926773,-18.5008012],[-46.8925736,-18.5008012],[-46.8925736,-18.5008838],[-46.8926773,-18.5008838],[-46.8926773,-18.5010489],[-46.8927809,-18.5010489],[-46.8927809,-18.5012965],[-46.8923663,-18.5012965],[-46.8923663,-18.5013791],[-46.8922627,-18.5013791],[-46.8922627,-18.5012965],[-46.8919518,-18.5012965],[-46.8919518,-18.5013791],[-46.8920554,-18.5013791],[-46.8920554,-18.5017093],[-46.8922627,-18.5017093],[-46.8922627,-18.5017918],[-46.8918481,-18.5017918],[-46.8918481,-18.5018743],[-46.8917445,-18.5018743],[-46.8917445,-18.5019569],[-46.8916408,-18.5019569],[-46.8916408,-18.5020394],[-46.8913299,-18.5020394],[-46.8913299,-18.5022045],[-46.891019,-18.5022045],[-46.891019,-18.5022871],[-46.8911226,-18.5022871],[-46.8911226,-18.5025347],[-46.891019,-18.5025347],[-46.891019,-18.5026173],[-46.8909154,-18.5026173],[-46.8909154,-18.5025347],[-46.8908117,-18.5025347],[-46.8908117,-18.5023696],[-46.8909154,-18.5023696],[-46.8909154,-18.5020394],[-46.891019,-18.5020394],[-46.891019,-18.5019569],[-46.8911226,-18.5019569],[-46.8911226,-18.5017918],[-46.8913299,-18.5017918],[-46.8913299,-18.5017093],[-46.8912263,-18.5017093],[-46.8912263,-18.5015442],[-46.8914336,-18.5015442],[-46.8914336,-18.5016267],[-46.8916408,-18.5016267],[-46.8916408,-18.5014616],[-46.8918481,-18.5014616],[-46.8918481,-18.5012965],[-46.8917445,-18.5012965],[-46.8917445,-18.5008838],[-46.8918481,-18.5008838],[-46.8918481,-18.5009663],[-46.8919518,-18.5009663],[-46.8919518,-18.5008838],[-46.8920554,-18.5008838],[-46.8920554,-18.5009663],[-46.8921591,-18.5009663],[-46.8921591,-18.5008838],[-46.8923663,-18.5008838],[-46.8923663,-18.5008012],[-46.89247,-18.5008012],[-46.89247,-18.5007187],[-46.8926773,-18.5007187]],[[-46.8919518,-18.5010489],[-46.8918481,-18.5010489],[-46.8918481,-18.5011314],[-46.8919518,-18.5011314],[-46.8919518,-18.5010489]]],"type":"Polygon"},"properties":{},"type":"Feature"},{"geometry":{"coordinates":[[[-46.8926773,-18.5209438],[-46.8926773,-18.521274],[-46.8925736,-18.521274],[-46.8925736,-18.5209438],[-46.8926773,-18.5209438]]],"type":"Polygon"},"properties":{},"type":"Feature"},{"geometry":{"coordinates":[[[-46.8927809,-18.500471],[-46.8927809,-18.5006361],[-46.8925736,-18.5006361],[-46.8925736,-18.5005536],[-46.8926773,-18.5005536],[-46.8926773,-18.500471],[-46.8927809,-18.500471]]],"type":"Polygon"},"properties":{},"type":"Feature"},{"geometry":{"coordinates":[[[-46.8928845,-18.500306],[-46.8928845,-18.5003885],[-46.8927809,-18.5003885],[-46.8927809,-18.500306],[-46.8928845,-18.500306]]],"type":"Polygon"},"properties":{},"type":"Feature"},{"geometry":{"coordinates":[[[-46.8928845,-18.5207787],[-46.8928845,-18.5208612],[-46.8927809,-18.5208612],[-46.8927809,-18.5207787],[-46.8928845,-18.5207787]]],"type":"Polygon"},"properties":{},"type":"Feature"},{"geometry":{"coordinates":[[[-46.8928845,-18.521274],[-46.8928845,-18.5213566],[-46.8927809,-18.5213566],[-46.8927809,-18.521274],[-46.8928845,-18.521274]]],"type":"Polygon"},"properties":{},"type":"Feature"},{"geometry":{"coordinates":[[[-46.8928845,-18.5290345],[-46.8928845,-18.5291171],[-46.8927809,-18.5291171],[-46.8927809,-18.5290345],[-46.8928845,-18.5290345]]],"type":"Polygon"},"properties":{},"type":"Feature"},{"geometry":{"coordinates":[[[-46.8928845,-18.5296124],[-46.8928845,-18.5300252],[-46.89247,-18.5300252],[-46.89247,-18.5298601],[-46.8926773,-18.5298601],[-46.8926773,-18.5297775],[-46.8927809,-18.5297775],[-46.8927809,-18.529695],[-46.8926773,-18.529695],[-46.8926773,-18.5296124],[-46.8928845,-18.5296124]]],"type":"Polygon"},"properties":{},"type":"Feature"},{"geometry":{"coordinates":[[[-46.8932991,-18.5007187],[-46.8932991,-18.5008838],[-46.8931955,-18.5008838],[-46.8931955,-18.5009663],[-46.8932991,-18.5009663],[-46.8932991,-18.5010489],[-46.8931955,-18.5010489],[-46.8931955,-18.501214],[-46.8930918,-18.501214],[-46.8930918,-18.5012965],[-46.8929882,-18.5012965],[-46.8929882,-18.5010489],[-46.8930918,-18.5010489],[-46.8930918,-18.5007187],[-46.8932991,-18.5007187]]],"type":"Polygon"},"properties":{},"type":"Feature"},{"geometry":{"coordinates":[[[-46.8932991,-18.5257321],[-46.8932991,-18.5258147],[-46.8934028,-18.5258147],[-46.8934028,-18.5259798],[-46.8932991,-18.5259798],[-46.8932991,-18.5261449],[-46.8930918,-18.5261449],[-46.8930918,-18.5260624],[-46.8931955,-18.5260624],[-46.8931955,-18.5259798],[-46.8929882,-18.5259798],[-46.8929882,-18.5258972],[-46.8930918,-18.5258972],[-46.8930918,-18.5258147],[-46.8931955,-18.5258147],[-46.8931955,-18.5257321],[-46.8932991,-18.5257321]]],"type":"Polygon"},"properties":{},"type":"Feature"},{"geometry":{"coordinates":[[[-46.8932991,-18.5262275],[-46.8932991,-18.52631],[-46.8931955,-18.52631],[-46.8931955,-18.5262275],[-46.8932991,-18.5262275]]],"type":"Polygon"},"properties":{},"type":"Feature"},{"geometry":{"coordinates":[[[-46.8934028,-18.5074051],[-46.8934028,-18.5074877],[-46.8932991,-18.5074877],[-46.8932991,-18.5074051],[-46.8934028,-18.5074051]]],"type":"Polygon"},"properties":{},"type":"Feature"},{"geometry":{"coordinates":[[[-46.8935064,-18.5003885],[-46.8935064,-18.5005536],[-46.8934028,-18.5005536],[-46.8934028,-18.5003885],[-46.8935064,-18.5003885]]],"type":"Polygon"},"properties":{},"type":"Feature"},{"geometry":{"coordinates":[[[-46.89361,-18.5074877],[-46.89361,-18.5077353],[-46.8937137,-18.5077353],[-46.8937137,-18.5078179],[-46.8938173,-18.5078179],[-46.8938173,-18.507983],[-46.89361,-18.507983],[-46.89361,-18.5081481],[-46.8935064,-18.5081481],[-46.8935064,-18.5080655],[-46.8934028,-18.5080655],[-46.8934028,-18.5077353],[-46.8930918,-18.5077353],[-46.8930918,-18.5075702],[-46.8932991,-18.5075702],[-46.8932991,-18.5076528],[-46.8934028,-18.5076528],[-46.8934028,-18.5074877],[-46.89361,-18.5074877]],[[-46.89361,-18.5079004],[-46.8935064,-18.5079004],[-46.8935064,-18.507983],[-46.89361,-18.507983],[-46.89361,-18.5079004]]],"type":"Polygon"},"properties":{},"type":"Feature"},{"geometry":{"coordinates":[[[-46.8937137,-18.528374],[-46.8937137,-18.5284566],[-46.8935064,-18.5284566],[-46.8935064,-18.5285391],[-46.8931955,-18.5285391],[-46.8931955,-18.5287043],[-46.8930918,-18.5287043],[-46.8930918,-18.5287868],[-46.8929882,-18.5287868],[-46.8929882,-18.5287043],[-46.8928845,-18.5287043],[-46.8928845,-18.5285391],[-46.8929882,-18.5285391],[-46.8929882,-18.528374],[-46.8937137,-18.528374]]],"type":"Polygon"},"properties":{},"type":"Feature"},{"geometry":{"coordinates":[[[-46.8938173,-18.5281263],[-46.8938173,-18.5282089],[-46.893921,-18.5282089],[-46.893921,-18.5282915],[-46.89361,-18.5282915],[-46.89361,-18.5282089],[-46.8937137,-18.5282089],[-46.8937137,-18.5281263],[-46.8938173,-18.5281263]]],"type":"Polygon"},"properties":{},"type":"Feature"},{"geometry":{"coordinates":[[[-46.893921,-18.5082306],[-46.893921,-18.5083132],[-46.8940246,-18.5083132],[-46.8940246,-18.5084783],[-46.8937137,-18.5084783],[-46.8937137,-18.5083957],[-46.8938173,-18.5083957],[-46.8938173,-18.5082306],[-46.893921,-18.5082306]]],"type":"Polygon"},"properties":{},"type":"Feature"},{"geometry":{"coordinates":[[[-46.8942319,-18.5002234],[-46.8942319,-18.5005536],[-46.8937137,-18.5005536],[-46.8937137,-18.5003885],[-46.8941282,-18.5003885],[-46.8941282,-18.5002234],[-46.8942319,-18.5002234]]],"type":"Polygon"},"properties":{},"type":"Feature"},{"geometry":{"coordinates":[[[-46.8943355,-18.5293647],[-46.8943355,-18.5295299],[-46.8942319,-18.5295299],[-46.8942319,-18.5293647],[-46.8943355,-18.5293647]]],"type":"Polygon"},"properties":{},"type":"Feature"},{"geometry":{"coordinates":[[[-46.8943355,-18.529695],[-46.8943355,-18.5297775],[-46.8942319,-18.5297775],[-46.8942319,-18.529695],[-46.8943355,-18.529695]]],"type":"Polygon"},"properties":{},"type":"Feature"},{"geometry":{"coordinates":[[[-46.8946465,-18.4998107],[-46.8946465,-18.4998932],[-46.8945428,-18.4998932],[-46.8945428,-18.4998107],[-46.8946465,-18.4998107]]],"type":"Polygon"},"properties":{},"type":"Feature"},{"geometry":{"coordinates":[[[-46.8948537,-18.5000583],[-46.8948537,-18.5001409],[-46.8947501,-18.5001409],[-46.8947501,-18.5000583],[-46.8948537,-18.5000583]]],"type":"Polygon"},"properties":{},"type":"Feature"},{"geometry":{"coordinates":[[[-46.8954756,-18.499563],[-46.8954756,-18.4997281],[-46.8953719,-18.4997281],[-46.8953719,-18.499563],[-46.8954756,-18.499563]]],"type":"Polygon"},"properties":{},"type":"Feature"},{"geometry":{"coordinates":[[[-46.8955792,-18.4998107],[-46.8955792,-18.4998932],[-46.8953719,-18.4998932],[-46.8953719,-18.4998107],[-46.8955792,-18.4998107]]],"type":"Polygon"},"properties":{},"type":"Feature"},{"geometry":{"coordinates":[[[-46.8955792,-18.4999758],[-46.8955792,-18.5000583],[-46.8954756,-18.5000583],[-46.8954756,-18.5002234],[-46.8951647,-18.5002234],[-46.8951647,-18.5001409],[-46.8952683,-18.5001409],[-46.8952683,-18.5000583],[-46.8953719,-18.5000583],[-46.8953719,-18.4999758],[-46.8955792,-18.4999758]]],"type":"Polygon"},"properties":{},"type":"Feature"},{"geometry":{"coordinates":[[[-46.8957865,-18.5108722],[-46.8957865,-18.5109548],[-46.8955792,-18.5109548],[-46.8955792,-18.5108722],[-46.8957865,-18.5108722]]],"type":"Polygon"},"properties":{},"type":"Feature"},{"geometry":{"coordinates":[[[-46.8957865,-18.514422],[-46.8957865,-18.5146696],[-46.8955792,-18.5146696],[-46.8955792,-18.5145045],[-46.8956829,-18.5145045],[-46.8956829,-18.514422],[-46.8957865,-18.514422]]],"type":"Polygon"},"properties":{},"type":"Feature"},{"geometry":{"coordinates":[[[-46.8958902,-18.5116152],[-46.8958902,-18.5116977],[-46.8957865,-18.5116977],[-46.8957865,-18.5116152],[-46.8958902,-18.5116152]]],"type":"Polygon"},"properties":{},"type":"Feature"},{"geometry":{"coordinates":[[[-46.8963047,-18.5261449],[-46.8963047,-18.5262275],[-46.8964084,-18.5262275],[-46.8964084,-18.52631],[-46.896512,-18.52631],[-46.896512,-18.5262275],[-46.8966156,-18.5262275],[-46.8966156,-18.5263926],[-46.896512,-18.5263926],[-46.896512,-18.5264752],[-46.8964084,-18.5264752],[-46.8964084,-18.5265577],[-46.8963047,-18.5265577],[-46.8963047,-18.5264752],[-46.8962011,-18.5264752],[-46.8962011,-18.5261449],[-46.8963047,-18.5261449]]],"type":"Polygon"},"properties":{},"type":"Feature"},{"geometry":{"coordinates":[[[-46.8964084,-18.5121105],[-46.8964084,-18.5121931],[-46.8963047,-18.5121931],[-46.8963047,-18.5121105],[-46.8964084,-18.5121105]]],"type":"Polygon"},"properties":{},"type":"Feature"},{"geometry":{"coordinates":[[[-46.8966156,-18.499563],[-46.8966156,-18.4996456],[-46.896512,-18.4996456],[-46.896512,-18.4997281],[-46.8964084,-18.4997281],[-46.8964084,-18.499563],[-46.8966156,-18.499563]]],"type":"Polygon"},"properties":{},"type":"Feature"},{"geometry":{"coordinates":[[[-46.8967193,-18.514422],[-46.8967193,-18.5145871],[-46.8966156,-18.5145871],[-46.8966156,-18.514422],[-46.8967193,-18.514422]]],"type":"Polygon"},"properties":{},"type":"Feature"},{"geometry":{"coordinates":[[[-46.8969266,-18.4996456],[-46.8969266,-18.4997281],[-46.8968229,-18.4997281],[-46.8968229,-18.4996456],[-46.8969266,-18.4996456]]],"type":"Polygon"},"properties":{},"type":"Feature"},{"geometry":{"coordinates":[[[-46.8970302,-18.5291996],[-46.8970302,-18.5292822],[-46.8969266,-18.5292822],[-46.8969266,-18.5291996],[-46.8970302,-18.5291996]]],"type":"Polygon"},"properties":{},"type":"Feature"},{"geometry":{"coordinates":[[[-46.8971339,-18.5293647],[-46.8971339,-18.5296124],[-46.8970302,-18.5296124],[-46.8970302,-18.529695],[-46.8969266,-18.529695],[-46.8969266,-18.5293647],[-46.8971339,-18.5293647]]],"type":"Polygon"},"properties":{},"type":"Feature"},{"geometry":{"coordinates":[[[-46.897963,-18.5235856],[-46.897963,-18.5236682],[-46.8978593,-18.5236682],[-46.8978593,-18.5237507],[-46.8976521,-18.5237507],[-46.8976521,-18.5236682],[-46.8977557,-18.5236682],[-46.8977557,-18.5235856],[-46.897963,-18.5235856]]],"type":"Polygon"},"properties":{},"type":"Feature"},{"geometry":{"coordinates":[[[-46.8981703,-18.5234205],[-46.8981703,-18.5235856],[-46.897963,-18.5235856],[-46.897963,-18.5234205],[-46.8981703,-18.5234205]]],"type":"Polygon"},"properties":{},"type":"Feature"},{"geometry":{"coordinates":[[[-46.8982739,-18.5199531],[-46.8982739,-18.5200357],[-46.8981703,-18.5200357],[-46.8981703,-18.5199531],[-46.8982739,-18.5199531]]],"type":"Polygon"},"properties":{},"type":"Feature"},{"geometry":{"coordinates":[[[-46.8983776,-18.5233379],[-46.8983776,-18.5234205],[-46.8981703,-18.5234205],[-46.8981703,-18.5233379],[-46.8983776,-18.5233379]]],"type":"Polygon"},"properties":{},"type":"Feature"},{"geometry":{"coordinates":[[[-46.8984812,-18.5208612],[-46.8984812,-18.5209438],[-46.8982739,-18.5209438],[-46.8982739,-18.5208612],[-46.8984812,-18.5208612]]],"type":"Polygon"},"properties":{},"type":"Feature"},{"geometry":{"coordinates":[[[-46.8985848,-18.5201182],[-46.8985848,-18.5202008],[-46.8984812,-18.5202008],[-46.8984812,-18.5201182],[-46.8985848,-18.5201182]]],"type":"Polygon"},"properties":{},"type":"Feature"},{"geometry":{"coordinates":[[[-46.8989994,-18.5196229],[-46.8989994,-18.5197055],[-46.8988958,-18.5197055],[-46.8988958,-18.5196229],[-46.8989994,-18.5196229]]],"type":"Polygon"},"properties":{},"type":"Feature"},{"geometry":{"coordinates":[[[-46.8989994,-18.5208612],[-46.8989994,-18.5210264],[-46.8988958,-18.5210264],[-46.8988958,-18.5209438],[-46.8987921,-18.5209438],[-46.8987921,-18.5210264],[-46.8984812,-18.5210264],[-46.8984812,-18.5209438],[-46.8986885,-18.5209438],[-46.8986885,-18.5208612],[-46.8989994,-18.5208612]]],"type":"Polygon"},"properties":{},"type":"Feature"},{"geometry":{"coordinates":[[[-46.8992067,-18.5182195],[-46.8992067,-18.518302],[-46.899103,-18.518302],[-46.899103,-18.5182195],[-46.8992067,-18.5182195]]],"type":"Polygon"},"properties":{},"type":"Feature"},{"geometry":{"coordinates":[[[-46.8993103,-18.5179718],[-46.8993103,-18.5181369],[-46.8992067,-18.5181369],[-46.8992067,-18.5179718],[-46.8993103,-18.5179718]]],"type":"Polygon"},"properties":{},"type":"Feature"},{"geometry":{"coordinates":[[[-46.8995176,-18.5208612],[-46.8995176,-18.5210264],[-46.899103,-18.5210264],[-46.899103,-18.5209438],[-46.8993103,-18.5209438],[-46.8993103,-18.5208612],[-46.8995176,-18.5208612]]],"type":"Polygon"},"properties":{},"type":"Feature"},{"geometry":{"coordinates":[[[-46.8995176,-18.5246589],[-46.8995176,-18.5252368],[-46.8996213,-18.5252368],[-46.8996213,-18.5251542],[-46.8997249,-18.5251542],[-46.8997249,-18.5250717],[-46.9001395,-18.5250717],[-46.9001395,-18.5251542],[-46.9003467,-18.5251542],[-46.9003467,-18.5253193],[-46.9004504,-18.5253193],[-46.9004504,-18.525567],[-46.9003467,-18.525567],[-46.9003467,-18.5258147],[-46.9002431,-18.5258147],[-46.9002431,-18.52631],[-46.9001395,-18.52631],[-46.9001395,-18.5265577],[-46.9000358,-18.5265577],[-46.9000358,-18.5268054],[-46.8999322,-18.5268054],[-46.8999322,-18.5269705],[-46.8998285,-18.5269705],[-46.8998285,-18.5270531],[-46.8999322,-18.5270531],[-46.8999322,-18.5271356],[-46.9000358,-18.5271356],[-46.9000358,-18.5274659],[-46.8999322,-18.5274659],[-46.8999322,-18.5278787],[-46.8998285,-18.5278787],[-46.8998285,-18.5280438],[-46.8997249,-18.5280438],[-46.8997249,-18.5287043],[-46.8996213,-18.5287043],[-46.8996213,-18.5290345],[-46.8995176,-18.5290345],[-46.8995176,-18.5295299],[-46.899414,-18.5295299],[-46.899414,-18.5301078],[-46.8993103,-18.5301078],[-46.8993103,-18.5301903],[-46.8992067,-18.5301903],[-46.8992067,-18.5306031],[-46.899103,-18.5306031],[-46.899103,-18.5312636],[-46.8989994,-18.5312636],[-46.8989994,-18.5313462],[-46.8988958,-18.5313462],[-46.8988958,-18.5315113],[-46.8987921,-18.5315113],[-46.8987921,-18.5315939],[-46.8986885,-18.5315939],[-46.8986885,-18.5316764],[-46.8985848,-18.5316764],[-46.8985848,-18.531759],[-46.8984812,-18.531759],[-46.8984812,-18.5318416],[-46.8983776,-18.5318416],[-46.8983776,-18.5320067],[-46.8982739,-18.5320067],[-46.8982739,-18.5320892],[-46.8981703,-18.5320892],[-46.8981703,-18.5321718],[-46.8980666,-18.5321718],[-46.8980666,-18.5322544],[-46.897963,-18.5322544],[-46.897963,-18.5323369],[-46.8976521,-18.5323369],[-46.8976521,-18.5324195],[-46.8975484,-18.5324195],[-46.8975484,-18.5325846],[-46.8974448,-18.5325846],[-46.8974448,-18.5327497],[-46.8973411,-18.5327497],[-46.8973411,-18.5328323],[-46.8971339,-18.5328323],[-46.8971339,-18.5329149],[-46.8970302,-18.5329149],[-46.8970302,-18.5329974],[-46.8968229,-18.5329974],[-46.8968229,-18.5331626],[-46.8966156,-18.5331626],[-46.8966156,-18.5332451],[-46.896512,-18.5332451],[-46.896512,-18.5333277],[-46.8964084,-18.5333277],[-46.8964084,-18.5335754],[-46.8963047,-18.5335754],[-46.8963047,-18.5336579],[-46.8957865,-18.5336579],[-46.8957865,-18.533823],[-46.8956829,-18.533823],[-46.8956829,-18.5339056],[-46.8955792,-18.5339056],[-46.8955792,-18.5339882],[-46.8953719,-18.5339882],[-46.8953719,-18.5341533],[-46.8952683,-18.5341533],[-46.8952683,-18.534401],[-46.8951647,-18.534401],[-46.8951647,-18.5344835],[-46.895061,-18.5344835],[-46.895061,-18.5345661],[-46.8949574,-18.5345661],[-46.8949574,-18.5346487],[-46.8948537,-18.5346487],[-46.8948537,-18.5347312],[-46.8947501,-18.5347312],[-46.8947501,-18.5348138],[-46.8946465,-18.5348138],[-46.8946465,-18.5349789],[-46.8945428,-18.5349789],[-46.8945428,-18.5350615],[-46.8943355,-18.5350615],[-46.8943355,-18.535144],[-46.8942319,-18.535144],[-46.8942319,-18.5352266],[-46.8941282,-18.5352266],[-46.8941282,-18.5353092],[-46.8940246,-18.5353092],[-46.8940246,-18.5353917],[-46.893921,-18.5353917],[-46.893921,-18.5354743],[-46.8938173,-18.5354743],[-46.8938173,-18.5355569],[-46.8937137,-18.5355569],[-46.8937137,-18.5356394],[-46.8935064,-18.5356394],[-46.8935064,-18.535722],[-46.8934028,-18.535722],[-46.8934028,-18.5358046],[-46.8931955,-18.5358046],[-46.8931955,-18.5359697],[-46.8929882,-18.5359697],[-46.8929882,-18.5361348],[-46.8927809,-18.5361348],[-46.8927809,-18.5360522],[-46.8926773,-18.5360522],[-46.8926773,-18.5359697],[-46.8925736,-18.5359697],[-46.8925736,-18.535722],[-46.89247,-18.535722],[-46.89247,-18.5356394],[-46.8923663,-18.5356394],[-46.8923663,-18.5353092],[-46.8922627,-18.5353092],[-46.8922627,-18.5352266],[-46.8921591,-18.5352266],[-46.8921591,-18.5348138],[-46.8922627,-18.5348138],[-46.8922627,-18.5347312],[-46.8921591,-18.5347312],[-46.8921591,-18.5345661],[-46.8922627,-18.5345661],[-46.8922627,-18.5344835],[-46.8925736,-18.5344835],[-46.8925736,-18.534401],[-46.8926773,-18.534401],[-46.8926773,-18.5343184],[-46.8927809,-18.5343184],[-46.8927809,-18.5342359],[-46.8929882,-18.5342359],[-46.8929882,-18.5341533],[-46.8930918,-18.5341533],[-46.8930918,-18.5340707],[-46.8932991,-18.5340707],[-46.8932991,-18.5339882],[-46.8934028,-18.5339882],[-46.8934028,-18.5340707],[-46.8935064,-18.5340707],[-46.8935064,-18.5339882],[-46.89361,-18.5339882],[-46.89361,-18.5340707],[-46.8938173,-18.5340707],[-46.8938173,-18.5341533],[-46.893921,-18.5341533],[-46.893921,-18.5342359],[-46.8941282,-18.5342359],[-46.8941282,-18.5343184],[-46.8943355,-18.5343184],[-46.8943355,-18.5341533],[-46.8941282,-18.5341533],[-46.8941282,-18.5340707],[-46.8940246,-18.5340707],[-46.8940246,-18.5339882],[-46.8937137,-18.5339882],[-46.8937137,-18.533823],[-46.8935064,-18.533823],[-46.8935064,-18.5337405],[-46.8934028,-18.5337405],[-46.8934028,-18.533823],[-46.8932991,-18.533823],[-46.8932991,-18.5337405],[-46.8931955,-18.5337405],[-46.8931955,-18.5334102],[-46.8932991,-18.5334102],[-46.8932991,-18.5334928],[-46.8934028,-18.5334928],[-46.8934028,-18.5335754],[-46.8937137,-18.5335754],[-46.8937137,-18.5334928],[-46.8940246,-18.5334928],[-46.8940246,-18.5334102],[-46.8941282,-18.5334102],[-46.8941282,-18.5333277],[-46.8940246,-18.5333277],[-46.8940246,-18.5332451],[-46.8938173,-18.5332451],[-46.8938173,-18.53308],[-46.893921,-18.53308],[-46.893921,-18.5331626],[-46.8940246,-18.5331626],[-46.8940246,-18.53308],[-46.8942319,-18.53308],[-46.8942319,-18.5329974],[-46.8940246,-18.5329974],[-46.8940246,-18.5329149],[-46.893921,-18.5329149],[-46.893921,-18.5328323],[-46.8937137,-18.5328323],[-46.8937137,-18.53308],[-46.8932991,-18.53308],[-46.8932991,-18.5328323],[-46.8935064,-18.5328323],[-46.8935064,-18.5324195],[-46.8934028,-18.5324195],[-46.8934028,-18.5320067],[-46.8935064,-18.5320067],[-46.8935064,-18.5318416],[-46.89361,-18.5318416],[-46.89361,-18.5319241],[-46.8938173,-18.5319241],[-46.8938173,-18.5320067],[-46.893921,-18.5320067],[-46.893921,-18.5320892],[-46.8940246,-18.5320892],[-46.8940246,-18.5322544],[-46.8941282,-18.5322544],[-46.8941282,-18.5323369],[-46.8942319,-18.5323369],[-46.8942319,-18.5324195],[-46.8945428,-18.5324195],[-46.8945428,-18.5325021],[-46.8952683,-18.5325021],[-46.8952683,-18.5326672],[-46.8953719,-18.5326672],[-46.8953719,-18.5327497],[-46.8954756,-18.5327497],[-46.8954756,-18.5328323],[-46.8956829,-18.5328323],[-46.8956829,-18.5327497],[-46.8955792,-18.5327497],[-46.8955792,-18.5326672],[-46.8954756,-18.5326672],[-46.8954756,-18.5325846],[-46.8953719,-18.5325846],[-46.8953719,-18.5325021],[-46.8954756,-18.5325021],[-46.8954756,-18.5323369],[-46.8955792,-18.5323369],[-46.8955792,-18.5320892],[-46.8956829,-18.5320892],[-46.8956829,-18.5318416],[-46.8957865,-18.5318416],[-46.8957865,-18.531759],[-46.8958902,-18.531759],[-46.8958902,-18.5315939],[-46.8959938,-18.5315939],[-46.8959938,-18.5314288],[-46.8960974,-18.5314288],[-46.8960974,-18.531016],[-46.8962011,-18.531016],[-46.8962011,-18.5309334],[-46.8963047,-18.5309334],[-46.8963047,-18.5307683],[-46.896512,-18.5307683],[-46.896512,-18.5306031],[-46.8966156,-18.5306031],[-46.8966156,-18.530438],[-46.8967193,-18.530438],[-46.8967193,-18.5299427],[-46.8968229,-18.5299427],[-46.8968229,-18.5300252],[-46.8969266,-18.5300252],[-46.8969266,-18.530438],[-46.8970302,-18.530438],[-46.8970302,-18.5302729],[-46.8971339,-18.5302729],[-46.8971339,-18.5301903],[-46.8972375,-18.5301903],[-46.8972375,-18.5297775],[-46.8973411,-18.5297775],[-46.8973411,-18.529695],[-46.8974448,-18.529695],[-46.8974448,-18.5296124],[-46.8973411,-18.5296124],[-46.8973411,-18.5295299],[-46.8974448,-18.5295299],[-46.8974448,-18.5293647],[-46.8975484,-18.5293647],[-46.8975484,-18.5290345],[-46.8976521,-18.5290345],[-46.8976521,-18.5289519],[-46.8977557,-18.5289519],[-46.8977557,-18.5286217],[-46.8978593,-18.5286217],[-46.8978593,-18.5285391],[-46.8977557,-18.5285391],[-46.8977557,-18.5284566],[-46.897963,-18.5284566],[-46.897963,-18.528374],[-46.8977557,-18.528374],[-46.8977557,-18.5282089],[-46.8978593,-18.5282089],[-46.8978593,-18.5282915],[-46.897963,-18.5282915],[-46.897963,-18.5279612],[-46.8978593,-18.5279612],[-46.8978593,-18.5281263],[-46.8974448,-18.5281263],[-46.8974448,-18.5282089],[-46.8975484,-18.5282089],[-46.8975484,-18.5285391],[-46.8973411,-18.5285391],[-46.8973411,-18.5286217],[-46.8972375,-18.5286217],[-46.8972375,-18.5288694],[-46.8970302,-18.5288694],[-46.8970302,-18.5287043],[-46.8971339,-18.5287043],[-46.8971339,-18.5282915],[-46.8972375,-18.5282915],[-46.8972375,-18.5279612],[-46.8973411,-18.5279612],[-46.8973411,-18.5277961],[-46.8974448,-18.5277961],[-46.8974448,-18.5279612],[-46.8975484,-18.5279612],[-46.8975484,-18.5274659],[-46.8976521,-18.5274659],[-46.8976521,-18.5273833],[-46.8975484,-18.5273833],[-46.8975484,-18.5272182],[-46.8976521,-18.5272182],[-46.8976521,-18.5271356],[-46.8974448,-18.5271356],[-46.8974448,-18.5273833],[-46.8973411,-18.5273833],[-46.8973411,-18.527631],[-46.8972375,-18.527631],[-46.8972375,-18.5277961],[-46.8970302,-18.5277961],[-46.8970302,-18.5279612],[-46.8968229,-18.5279612],[-46.8968229,-18.5282915],[-46.8967193,-18.5282915],[-46.8967193,-18.5285391],[-46.8966156,-18.5285391],[-46.8966156,-18.5288694],[-46.896512,-18.5288694],[-46.896512,-18.5294473],[-46.8964084,-18.5294473],[-46.8964084,-18.5295299],[-46.8963047,-18.5295299],[-46.8963047,-18.5293647],[-46.8962011,-18.5293647],[-46.8962011,-18.5290345],[-46.8963047,-18.5290345],[-46.8963047,-18.5287868],[-46.8964084,-18.5287868],[-46.8964084,-18.5286217],[-46.8963047,-18.5286217],[-46.8963047,-18.5280438],[-46.8964084,-18.5280438],[-46.8964084,-18.5278787],[-46.8963047,-18.5278787],[-46.8963047,-18.5277135],[-46.8962011,-18.5277135],[-46.8962011,-18.5273833],[-46.8964084,-18.5273833],[-46.8964084,-18.5272182],[-46.8966156,-18.5272182],[-46.8966156,-18.5271356],[-46.8967193,-18.5271356],[-46.8967193,-18.5270531],[-46.8968229,-18.5270531],[-46.8968229,-18.5267228],[-46.8970302,-18.5267228],[-46.8970302,-18.5266403],[-46.8972375,-18.5266403],[-46.8972375,-18.5264752],[-46.8974448,-18.5264752],[-46.8974448,-18.5266403],[-46.8976521,-18.5266403],[-46.8976521,-18.5268054],[-46.8977557,-18.5268054],[-46.8977557,-18.5267228],[-46.897963,-18.5267228],[-46.897963,-18.5266403],[-46.8980666,-18.5266403],[-46.8980666,-18.5265577],[-46.897963,-18.5265577],[-46.897963,-18.5263926],[-46.8977557,-18.5263926],[-46.8977557,-18.5261449],[-46.8974448,-18.5261449],[-46.8974448,-18.5262275],[-46.8973411,-18.5262275],[-46.8973411,-18.52631],[-46.8972375,-18.52631],[-46.8972375,-18.5262275],[-46.8971339,-18.5262275],[-46.8971339,-18.5261449],[-46.8972375,-18.5261449],[-46.8972375,-18.5260624],[-46.8973411,-18.5260624],[-46.8973411,-18.5259798],[-46.8972375,-18.5259798],[-46.8972375,-18.525567],[-46.8973411,-18.525567],[-46.8973411,-18.5250717],[-46.8974448,-18.5250717],[-46.8974448,-18.5249891],[-46.8975484,-18.5249891],[-46.8975484,-18.5249065],[-46.8983776,-18.5249065],[-46.8983776,-18.5249891],[-46.8984812,-18.5249891],[-46.8984812,-18.5250717],[-46.8987921,-18.5250717],[-46.8987921,-18.5249891],[-46.8986885,-18.5249891],[-46.8986885,-18.5249065],[-46.8988958,-18.5249065],[-46.8988958,-18.5249891],[-46.899103,-18.5249891],[-46.899103,-18.5250717],[-46.8993103,-18.5250717],[-46.8993103,-18.5247414],[-46.899414,-18.5247414],[-46.899414,-18.5246589],[-46.8995176,-18.5246589]],[[-46.8993103,-18.5254845],[-46.899103,-18.5254845],[-46.899103,-18.525567],[-46.8993103,-18.525567],[-46.8993103,-18.5254845]],[[-46.8989994,-18.5256496],[-46.8988958,-18.5256496],[-46.8988958,-18.5258147],[-46.8987921,-18.5258147],[-46.8987921,-18.5259798],[-46.8988958,-18.5259798],[-46.8988958,-18.5258972],[-46.899103,-18.5258972],[-46.899103,-18.5258147],[-46.8989994,-18.5258147],[-46.8989994,-18.5256496]],[[-46.897963,-18.5256496],[-46.8978593,-18.5256496],[-46.8978593,-18.5258147],[-46.897963,-18.5258147],[-46.897963,-18.5256496]],[[-46.8978593,-18.5258147],[-46.8976521,-18.5258147],[-46.8976521,-18.5260624],[-46.897963,-18.5260624],[-46.897963,-18.5258972],[-46.8978593,-18.5258972],[-46.8978593,-18.5258147]],[[-46.8986885,-18.52631],[-46.8985848,-18.52631],[-46.8985848,-18.5263926],[-46.8986885,-18.5263926],[-46.8986885,-18.52631]],[[-46.8986885,-18.5264752],[-46.8983776,-18.5264752],[-46.8983776,-18.5265577],[-46.8981703,-18.5265577],[-46.8981703,-18.5267228],[-46.8982739,-18.5267228],[-46.8982739,-18.5268054],[-46.8984812,-18.5268054],[-46.8984812,-18.526888],[-46.8985848,-18.526888],[-46.8985848,-18.5269705],[-46.8986885,-18.5269705],[-46.8986885,-18.526888],[-46.8989994,-18.526888],[-46.8989994,-18.5268054],[-46.8987921,-18.5268054],[-46.8987921,-18.5267228],[-46.8986885,-18.5267228],[-46.8986885,-18.5264752]],[[-46.8996213,-18.5271356],[-46.8995176,-18.5271356],[-46.8995176,-18.527631],[-46.8993103,-18.527631],[-46.8993103,-18.5277135],[-46.899414,-18.5277135],[-46.899414,-18.5277961],[-46.8995176,-18.5277961],[-46.8995176,-18.5279612],[-46.8997249,-18.5279612],[-46.8997249,-18.527631],[-46.8998285,-18.527631],[-46.8998285,-18.5273833],[-46.8996213,-18.5273833],[-46.8996213,-18.5271356]],[[-46.8992067,-18.5273833],[-46.8989994,-18.5273833],[-46.8989994,-18.5277135],[-46.8987921,-18.5277135],[-46.8987921,-18.5279612],[-46.8988958,-18.5279612],[-46.8988958,-18.5278787],[-46.8989994,-18.5278787],[-46.8989994,-18.5279612],[-46.8992067,-18.5279612],[-46.8992067,-18.5275484],[-46.899103,-18.5275484],[-46.899103,-18.5274659],[-46.8992067,-18.5274659],[-46.8992067,-18.5273833]],[[-46.8981703,-18.5277961],[-46.8980666,-18.5277961],[-46.8980666,-18.5278787],[-46.8981703,-18.5278787],[-46.8981703,-18.5277961]],[[-46.8986885,-18.5291996],[-46.8983776,-18.5291996],[-46.8983776,-18.5292822],[-46.8984812,-18.5292822],[-46.8984812,-18.5293647],[-46.8982739,-18.5293647],[-46.8982739,-18.5295299],[-46.8981703,-18.5295299],[-46.8981703,-18.5297775],[-46.8982739,-18.5297775],[-46.8982739,-18.529695],[-46.8983776,-18.529695],[-46.8983776,-18.5296124],[-46.8984812,-18.5296124],[-46.8984812,-18.5294473],[-46.8985848,-18.5294473],[-46.8985848,-18.5292822],[-46.8986885,-18.5292822],[-46.8986885,-18.5291996]],[[-46.8988958,-18.5300252],[-46.8987921,-18.5300252],[-46.8987921,-18.5301078],[-46.8988958,-18.5301078],[-46.8988958,-18.5300252]],[[-46.897963,-18.5301078],[-46.8974448,-18.5301078],[-46.8974448,-18.5301903],[-46.8975484,-18.5301903],[-46.8975484,-18.5303555],[-46.8976521,-18.5303555],[-46.8976521,-18.5302729],[-46.897963,-18.5302729],[-46.897963,-18.5301078]],[[-46.8975484,-18.5306857],[-46.8974448,-18.5306857],[-46.8974448,-18.5309334],[-46.8975484,-18.5309334],[-46.8975484,-18.5306857]],[[-46.8971339,-18.5315113],[-46.8969266,-18.5315113],[-46.8969266,-18.5315939],[-46.8968229,-18.5315939],[-46.8968229,-18.5318416],[-46.8969266,-18.5318416],[-46.8969266,-18.5320892],[-46.8971339,-18.5320892],[-46.8971339,-18.5315113]],[[-46.8968229,-18.5318416],[-46.8967193,-18.5318416],[-46.8967193,-18.5320067],[-46.8968229,-18.5320067],[-46.8968229,-18.5318416]],[[-46.8969266,-18.5320892],[-46.8966156,-18.5320892],[-46.8966156,-18.5325846],[-46.8969266,-18.5325846],[-46.8969266,-18.5320892]],[[-46.8963047,-18.5324195],[-46.8962011,-18.5324195],[-46.8962011,-18.5325846],[-46.8963047,-18.5325846],[-46.8963047,-18.5324195]],[[-46.8966156,-18.5325846],[-46.8964084,-18.5325846],[-46.8964084,-18.5328323],[-46.8966156,-18.5328323],[-46.8966156,-18.5325846]],[[-46.8960974,-18.5328323],[-46.8959938,-18.5328323],[-46.8959938,-18.5329149],[-46.8958902,-18.5329149],[-46.8958902,-18.5328323],[-46.8956829,-18.5328323],[-46.8956829,-18.5329149],[-46.8957865,-18.5329149],[-46.8957865,-18.5329974],[-46.8958902,-18.5329974],[-46.8958902,-18.53308],[-46.8960974,-18.53308],[-46.8960974,-18.5328323]]],"type":"Polygon"},"properties":{},"type":"Feature"},{"geometry":{"coordinates":[[[-46.8999322,-18.5173114],[-46.8999322,-18.5173939],[-46.8998285,-18.5173939],[-46.8998285,-18.5173114],[-46.8999322,-18.5173114]]],"type":"Polygon"},"properties":{},"type":"Feature"},{"geometry":{"coordinates":[[[-46.9001395,-18.5172288],[-46.9001395,-18.5173114],[-46.8999322,-18.5173114],[-46.8999322,-18.5172288],[-46.9001395,-18.5172288]]],"type":"Polygon"},"properties":{},"type":"Feature"},{"geometry":{"coordinates":[[[-46.9002431,-18.5123582],[-46.9002431,-18.5126058],[-46.9003467,-18.5126058],[-46.9003467,-18.5127709],[-46.9002431,-18.5127709],[-46.9002431,-18.5128535],[-46.9001395,-18.5128535],[-46.9001395,-18.5127709],[-46.8998285,-18.5127709],[-46.8998285,-18.5126884],[-46.8996213,-18.5126884],[-46.8996213,-18.5127709],[-46.8993103,-18.5127709],[-46.8993103,-18.5126884],[-46.8992067,-18.5126884],[-46.8992067,-18.5126058],[-46.8993103,-18.5126058],[-46.8993103,-18.5125233],[-46.8996213,-18.5125233],[-46.8996213,-18.5126058],[-46.8998285,-18.5126058],[-46.8998285,-18.5125233],[-46.8997249,-18.5125233],[-46.8997249,-18.5123582],[-46.9002431,-18.5123582]]],"type":"Polygon"},"properties":{},"type":"Feature"},{"geometry":{"coordinates":[[[-46.9003467,-18.5171463],[-46.9003467,-18.5172288],[-46.9001395,-18.5172288],[-46.9001395,-18.5171463],[-46.9003467,-18.5171463]]],"type":"Polygon"},"properties":{},"type":"Feature"},{"geometry":{"coordinates":[[[-46.9003467,-18.5245763],[-46.9003467,-18.5247414],[-46.9002431,-18.5247414],[-46.9002431,-18.5245763],[-46.9003467,-18.5245763]]],"type":"Polygon"},"properties":{},"type":"Feature"},{"geometry":{"coordinates":[[[-46.9004504,-18.5239159],[-46.9004504,-18.524081],[-46.9001395,-18.524081],[-46.9001395,-18.5241635],[-46.9003467,-18.5241635],[-46.9003467,-18.5243286],[-46.9004504,-18.5243286],[-46.9004504,-18.5244112],[-46.9003467,-18.5244112],[-46.9003467,-18.5244938],[-46.9002431,-18.5244938],[-46.9002431,-18.5244112],[-46.9001395,-18.5244112],[-46.9001395,-18.5243286],[-46.9000358,-18.5243286],[-46.9000358,-18.5239159],[-46.9004504,-18.5239159]]],"type":"Polygon"},"properties":{},"type":"Feature"},{"geometry":{"coordinates":[[[-46.900554,-18.5170637],[-46.900554,-18.5171463],[-46.9004504,-18.5171463],[-46.9004504,-18.5170637],[-46.900554,-18.5170637]]],"type":"Polygon"},"properties":{},"type":"Feature"},{"geometry":{"coordinates":[[[-46.9006577,-18.5169811],[-46.9006577,-18.5170637],[-46.900554,-18.5170637],[-46.900554,-18.5169811],[-46.9006577,-18.5169811]]],"type":"Polygon"},"properties":{},"type":"Feature"},{"geometry":{"coordinates":[[[-46.9007613,-18.5168986],[-46.9007613,-18.5169811],[-46.9006577,-18.5169811],[-46.9006577,-18.5168986],[-46.9007613,-18.5168986]]],"type":"Polygon"},"properties":{},"type":"Feature"},{"geometry":{"coordinates":[[[-46.9007613,-18.5206961],[-46.9007613,-18.5208612],[-46.9000358,-18.5208612],[-46.9000358,-18.5207787],[-46.9003467,-18.5207787],[-46.9003467,-18.5206961],[-46.9007613,-18.5206961]]],"type":"Polygon"},"properties":{},"type":"Feature"},{"geometry":{"coordinates":[[[-46.900865,-18.5157428],[-46.900865,-18.5159079],[-46.9007613,-18.5159079],[-46.9007613,-18.5157428],[-46.900865,-18.5157428]]],"type":"Polygon"},"properties":{},"type":"Feature"},{"geometry":{"coordinates":[[[-46.9009686,-18.5149173],[-46.9009686,-18.5149999],[-46.900865,-18.5149999],[-46.900865,-18.5149173],[-46.9009686,-18.5149173]]],"type":"Polygon"},"properties":{},"type":"Feature"},{"geometry":{"coordinates":[[[-46.9009686,-18.5150824],[-46.9009686,-18.5153301],[-46.900865,-18.5153301],[-46.900865,-18.5154126],[-46.9009686,-18.5154126],[-46.9009686,-18.5157428],[-46.900865,-18.5157428],[-46.900865,-18.5155777],[-46.9006577,-18.5155777],[-46.9006577,-18.5153301],[-46.9007613,-18.5153301],[-46.9007613,-18.5150824],[-46.9009686,-18.5150824]]],"type":"Polygon"},"properties":{},"type":"Feature"},{"geometry":{"coordinates":[[[-46.9009686,-18.5159905],[-46.9009686,-18.5161556],[-46.900865,-18.5161556],[-46.900865,-18.5159905],[-46.9009686,-18.5159905]]],"type":"Polygon"},"properties":{},"type":"Feature"},{"geometry":{"coordinates":[[[-46.9010722,-18.5148347],[-46.9010722,-18.5149173],[-46.9009686,-18.5149173],[-46.9009686,-18.5148347],[-46.9010722,-18.5148347]]],"type":"Polygon"},"properties":{},"type":"Feature"},{"geometry":{"coordinates":[[[-46.9010722,-18.5157428],[-46.9010722,-18.5158254],[-46.9009686,-18.5158254],[-46.9009686,-18.5157428],[-46.9010722,-18.5157428]]],"type":"Polygon"},"properties":{},"type":"Feature"},{"geometry":{"coordinates":[[[-46.9011759,-18.5146696],[-46.9011759,-18.5148347],[-46.9010722,-18.5148347],[-46.9010722,-18.5146696],[-46.9011759,-18.5146696]]],"type":"Polygon"},"properties":{},"type":"Feature"},{"geometry":{"coordinates":[[[-46.9012795,-18.5158254],[-46.9012795,-18.5159905],[-46.9011759,-18.5159905],[-46.9011759,-18.5158254],[-46.9012795,-18.5158254]]],"type":"Polygon"},"properties":{},"type":"Feature"},{"geometry":{"coordinates":[[[-46.9012795,-18.5164858],[-46.9012795,-18.5166509],[-46.9010722,-18.5166509],[-46.9010722,-18.516816],[-46.900865,-18.516816],[-46.900865,-18.5168986],[-46.9007613,-18.5168986],[-46.9007613,-18.5167335],[-46.900865,-18.5167335],[-46.900865,-18.5165684],[-46.9010722,-18.5165684],[-46.9010722,-18.5164858],[-46.9012795,-18.5164858]]],"type":"Polygon"},"properties":{},"type":"Feature"},{"geometry":{"coordinates":[[[-46.9013832,-18.5161556],[-46.9013832,-18.5163207],[-46.9012795,-18.5163207],[-46.9012795,-18.5161556],[-46.9013832,-18.5161556]]],"type":"Polygon"},"properties":{},"type":"Feature"},{"geometry":{"coordinates":[[[-46.9015904,-18.5127709],[-46.9015904,-18.512936],[-46.9019014,-18.512936],[-46.9019014,-18.5131837],[-46.9017977,-18.5131837],[-46.9017977,-18.5132662],[-46.9016941,-18.5132662],[-46.9016941,-18.5133488],[-46.9012795,-18.5133488],[-46.9012795,-18.5132662],[-46.9009686,-18.5132662],[-46.9009686,-18.5133488],[-46.900865,-18.5133488],[-46.900865,-18.5131837],[-46.9007613,-18.5131837],[-46.9007613,-18.5131011],[-46.9006577,-18.5131011],[-46.9006577,-18.5130186],[-46.900554,-18.5130186],[-46.900554,-18.5128535],[-46.9004504,-18.5128535],[-46.9004504,-18.5127709],[-46.9007613,-18.5127709],[-46.9007613,-18.5128535],[-46.9009686,-18.5128535],[-46.9009686,-18.5127709],[-46.9015904,-18.5127709]]],"type":"Polygon"},"properties":{},"type":"Feature"},{"geometry":{"coordinates":[[[-46.9015904,-18.5143394],[-46.9015904,-18.514422],[-46.9014868,-18.514422],[-46.9014868,-18.5145871],[-46.9013832,-18.5145871],[-46.9013832,-18.5146696],[-46.9011759,-18.5146696],[-46.9011759,-18.5145045],[-46.9012795,-18.5145045],[-46.9012795,-18.514422],[-46.9013832,-18.514422],[-46.9013832,-18.5143394],[-46.9015904,-18.5143394]]],"type":"Polygon"},"properties":{},"type":"Feature"},{"geometry":{"coordinates":[[[-46.9015904,-18.520531],[-46.9015904,-18.5206136],[-46.9013832,-18.5206136],[-46.9013832,-18.5206961],[-46.900865,-18.5206961],[-46.900865,-18.5206136],[-46.9009686,-18.5206136],[-46.9009686,-18.520531],[-46.9015904,-18.520531]]],"type":"Polygon"},"properties":{},"type":"Feature"},{"geometry":{"coordinates":[[[-46.9017977,-18.5141743],[-46.9017977,-18.5142569],[-46.9016941,-18.5142569],[-46.9016941,-18.5143394],[-46.9015904,-18.5143394],[-46.9015904,-18.5141743],[-46.9017977,-18.5141743]]],"type":"Polygon"},"properties":{},"type":"Feature"},{"geometry":{"coordinates":[[[-46.9019014,-18.5071575],[-46.9019014,-18.50724],[-46.9021087,-18.50724],[-46.9021087,-18.5074877],[-46.9022123,-18.5074877],[-46.9022123,-18.5076528],[-46.9015904,-18.5076528],[-46.9015904,-18.5071575],[-46.9019014,-18.5071575]]],"type":"Polygon"},"properties":{},"type":"Feature"},{"geometry":{"coordinates":[[[-46.9021087,-18.5204485],[-46.9021087,-18.520531],[-46.902005,-18.520531],[-46.902005,-18.5204485],[-46.9021087,-18.5204485]]],"type":"Polygon"},"properties":{},"type":"Feature"},{"geometry":{"coordinates":[[[-46.9022123,-18.5203659],[-46.9022123,-18.5204485],[-46.9021087,-18.5204485],[-46.9021087,-18.5203659],[-46.9022123,-18.5203659]]],"type":"Polygon"},"properties":{},"type":"Feature"},{"geometry":{"coordinates":[[[-46.9023159,-18.5202008],[-46.9023159,-18.5202834],[-46.9022123,-18.5202834],[-46.9022123,-18.5202008],[-46.9023159,-18.5202008]]],"type":"Polygon"},"properties":{},"type":"Feature"},{"geometry":{"coordinates":[[[-46.9024196,-18.5178067],[-46.9024196,-18.5181369],[-46.9025232,-18.5181369],[-46.9025232,-18.5185497],[-46.9024196,-18.5185497],[-46.9024196,-18.5184671],[-46.9023159,-18.5184671],[-46.9023159,-18.5178067],[-46.9024196,-18.5178067]]],"type":"Polygon"},"properties":{},"type":"Feature"},{"geometry":{"coordinates":[[[-46.9025232,-18.512936],[-46.9025232,-18.5130186],[-46.9026269,-18.5130186],[-46.9026269,-18.5149173],[-46.9025232,-18.5149173],[-46.9025232,-18.5154952],[-46.9024196,-18.5154952],[-46.9024196,-18.5148347],[-46.9025232,-18.5148347],[-46.9025232,-18.5137616],[-46.9023159,-18.5137616],[-46.9023159,-18.5138441],[-46.9022123,-18.5138441],[-46.9022123,-18.5139267],[-46.9021087,-18.5139267],[-46.9021087,-18.5140092],[-46.902005,-18.5140092],[-46.902005,-18.5141743],[-46.9017977,-18.5141743],[-46.9017977,-18.5140092],[-46.9019014,-18.5140092],[-46.9019014,-18.5138441],[-46.902005,-18.5138441],[-46.902005,-18.513679],[-46.9022123,-18.513679],[-46.9022123,-18.512936],[-46.9025232,-18.512936]]],"type":"Polygon"},"properties":{},"type":"Feature"},{"geometry":{"coordinates":[[[-46.9025232,-18.5157428],[-46.9025232,-18.5159905],[-46.9024196,-18.5159905],[-46.9024196,-18.5157428],[-46.9025232,-18.5157428]]],"type":"Polygon"},"properties":{},"type":"Feature"},{"geometry":{"coordinates":[[[-46.903456,-18.5018743],[-46.903456,-18.5019569],[-46.9035596,-18.5019569],[-46.9035596,-18.5020394],[-46.9036633,-18.5020394],[-46.9036633,-18.502122],[-46.9037669,-18.502122],[-46.9037669,-18.5022045],[-46.9039742,-18.5022045],[-46.9039742,-18.5020394],[-46.9040778,-18.5020394],[-46.9040778,-18.5024522],[-46.9038706,-18.5024522],[-46.9038706,-18.5023696],[-46.9037669,-18.5023696],[-46.9037669,-18.5024522],[-46.9036633,-18.5024522],[-46.9036633,-18.5026173],[-46.9035596,-18.5026173],[-46.9035596,-18.502122],[-46.903456,-18.502122],[-46.903456,-18.5020394],[-46.9033524,-18.5020394],[-46.9033524,-18.5018743],[-46.903456,-18.5018743]]],"type":"Polygon"},"properties":{},"type":"Feature"},{"geometry":{"coordinates":[[[-46.9039742,-18.5025347],[-46.9039742,-18.5026173],[-46.9038706,-18.5026173],[-46.9038706,-18.5025347],[-46.9039742,-18.5025347]]],"type":"Polygon"},"properties":{},"type":"Feature"},{"geometry":{"coordinates":[[[-46.9041815,-18.5025347],[-46.9041815,-18.5026173],[-46.9040778,-18.5026173],[-46.9040778,-18.5025347],[-46.9041815,-18.5025347]]],"type":"Polygon"},"properties":{},"type":"Feature"},{"geometry":{"coordinates":[[[-46.9046997,-18.5040206],[-46.9046997,-18.5041031],[-46.9045961,-18.5041031],[-46.9045961,-18.5041857],[-46.9046997,-18.5041857],[-46.9046997,-18.5042682],[-46.9048033,-18.5042682],[-46.9048033,-18.5045984],[-46.904907,-18.5045984],[-46.904907,-18.5047635],[-46.9050106,-18.5047635],[-46.9050106,-18.5048461],[-46.9052179,-18.5048461],[-46.9052179,-18.5054239],[-46.904907,-18.5054239],[-46.904907,-18.5052588],[-46.9048033,-18.5052588],[-46.9048033,-18.5051763],[-46.9046997,-18.5051763],[-46.9046997,-18.5049286],[-46.9048033,-18.5049286],[-46.9048033,-18.5047635],[-46.9045961,-18.5047635],[-46.9045961,-18.5045984],[-46.9044924,-18.5045984],[-46.9044924,-18.5041857],[-46.9043888,-18.5041857],[-46.9043888,-18.5040206],[-46.9046997,-18.5040206]]],"type":"Polygon"},"properties":{},"type":"Feature"},{"geometry":{"coordinates":[[[-46.9053215,-18.5055065],[-46.9053215,-18.5056716],[-46.9052179,-18.5056716],[-46.9052179,-18.5055065],[-46.9053215,-18.5055065]]],"type":"Polygon"},"properties":{},"type":"Feature"},{"geometry":{"coordinates":[[[-46.9055288,-18.5057541],[-46.9055288,-18.5060018],[-46.9053215,-18.5060018],[-46.9053215,-18.5057541],[-46.9055288,-18.5057541]]],"type":"Polygon"},"properties":{},"type":"Feature"},{"geometry":{"coordinates":[[[-46.9061507,-18.5262275],[-46.9061507,-18.5263926],[-46.9058398,-18.5263926],[-46.9058398,-18.5262275],[-46.9061507,-18.5262275]]],"type":"Polygon"},"properties":{},"type":"Feature"},{"geometry":{"coordinates":[[[-46.9064616,-18.5259798],[-46.9064616,-18.5261449],[-46.9062543,-18.5261449],[-46.9062543,-18.5262275],[-46.9061507,-18.5262275],[-46.9061507,-18.5260624],[-46.906358,-18.5260624],[-46.906358,-18.5259798],[-46.9064616,-18.5259798]]],"type":"Polygon"},"properties":{},"type":"Feature"},{"geometry":{"coordinates":[[[-46.9064616,-18.5263926],[-46.9064616,-18.5266403],[-46.906358,-18.5266403],[-46.906358,-18.526888],[-46.9062543,-18.526888],[-46.9062543,-18.5269705],[-46.9061507,-18.5269705],[-46.9061507,-18.5264752],[-46.9062543,-18.5264752],[-46.9062543,-18.5265577],[-46.906358,-18.5265577],[-46.906358,-18.5263926],[-46.9064616,-18.5263926]]],"type":"Polygon"},"properties":{},"type":"Feature"},{"geometry":{"coordinates":[[[-46.9068762,-18.5211915],[-46.9068762,-18.521274],[-46.9067725,-18.521274],[-46.9067725,-18.5211915],[-46.9068762,-18.5211915]]],"type":"Polygon"},"properties":{},"type":"Feature"},{"geometry":{"coordinates":[[[-46.9068762,-18.5256496],[-46.9068762,-18.5258147],[-46.9067725,-18.5258147],[-46.9067725,-18.5256496],[-46.9068762,-18.5256496]]],"type":"Polygon"},"properties":{},"type":"Feature"},{"geometry":{"coordinates":[[[-46.9069798,-18.5210264],[-46.9069798,-18.5211089],[-46.9071871,-18.5211089],[-46.9071871,-18.521274],[-46.9069798,-18.521274],[-46.9069798,-18.5211915],[-46.9068762,-18.5211915],[-46.9068762,-18.5211089],[-46.9067725,-18.5211089],[-46.9067725,-18.5210264],[-46.9069798,-18.5210264]]],"type":"Polygon"},"properties":{},"type":"Feature"},{"geometry":{"coordinates":[[[-46.9069798,-18.5282915],[-46.9069798,-18.528374],[-46.9068762,-18.528374],[-46.9068762,-18.5282915],[-46.9069798,-18.5282915]]],"type":"Polygon"},"properties":{},"type":"Feature"},{"geometry":{"coordinates":[[[-46.9071871,-18.5209438],[-46.9071871,-18.5210264],[-46.9069798,-18.5210264],[-46.9069798,-18.5209438],[-46.9071871,-18.5209438]]],"type":"Polygon"},"properties":{},"type":"Feature"},{"geometry":{"coordinates":[[[-46.9071871,-18.5282089],[-46.9071871,-18.5282915],[-46.9069798,-18.5282915],[-46.9069798,-18.5282089],[-46.9071871,-18.5282089]]],"type":"Polygon"},"properties":{},"type":"Feature"},{"geometry":{"coordinates":[[[-46.9071871,-18.528374],[-46.9071871,-18.5285391],[-46.9072907,-18.5285391],[-46.9072907,-18.5286217],[-46.9073944,-18.5286217],[-46.9073944,-18.5287868],[-46.907498,-18.5287868],[-46.907498,-18.5289519],[-46.9073944,-18.5289519],[-46.9073944,-18.5288694],[-46.9072907,-18.5288694],[-46.9072907,-18.5287868],[-46.9070835,-18.5287868],[-46.9070835,-18.5287043],[-46.9069798,-18.5287043],[-46.9069798,-18.528374],[-46.9071871,-18.528374]]],"type":"Polygon"},"properties":{},"type":"Feature"},{"geometry":{"coordinates":[[[-46.9072907,-18.5233379],[-46.9072907,-18.5234205],[-46.9071871,-18.5234205],[-46.9071871,-18.5233379],[-46.9072907,-18.5233379]]],"type":"Polygon"},"properties":{},"type":"Feature"},{"geometry":{"coordinates":[[[-46.9072907,-18.5251542],[-46.9072907,-18.5252368],[-46.9071871,-18.5252368],[-46.9071871,-18.5254845],[-46.9070835,-18.5254845],[-46.9070835,-18.5254019],[-46.9069798,-18.5254019],[-46.9069798,-18.5253193],[-46.9070835,-18.5253193],[-46.9070835,-18.5251542],[-46.9072907,-18.5251542]]],"type":"Polygon"},"properties":{},"type":"Feature"},{"geometry":{"coordinates":[[[-46.9073944,-18.5279612],[-46.9073944,-18.5280438],[-46.907498,-18.5280438],[-46.907498,-18.528374],[-46.9073944,-18.528374],[-46.9073944,-18.5281263],[-46.9071871,-18.5281263],[-46.9071871,-18.5280438],[-46.9072907,-18.5280438],[-46.9072907,-18.5279612],[-46.9073944,-18.5279612]]],"type":"Polygon"},"properties":{},"type":"Feature"},{"geometry":{"coordinates":[[[-46.9076017,-18.5206961],[-46.9076017,-18.5209438],[-46.9071871,-18.5209438],[-46.9071871,-18.5207787],[-46.9072907,-18.5207787],[-46.9072907,-18.5206961],[-46.9076017,-18.5206961]]],"type":"Polygon"},"properties":{},"type":"Feature"},{"geometry":{"coordinates":[[[-46.9076017,-18.5289519],[-46.9076017,-18.5291996],[-46.907498,-18.5291996],[-46.907498,-18.5289519],[-46.9076017,-18.5289519]]],"type":"Polygon"},"properties":{},"type":"Feature"},{"geometry":{"coordinates":[[[-46.9077053,-18.5130186],[-46.9077053,-18.5131011],[-46.9076017,-18.5131011],[-46.9076017,-18.5130186],[-46.9077053,-18.5130186]]],"type":"Polygon"},"properties":{},"type":"Feature"},{"geometry":{"coordinates":[[[-46.9077053,-18.5291996],[-46.9077053,-18.5292822],[-46.9078089,-18.5292822],[-46.9078089,-18.529695],[-46.9077053,-18.529695],[-46.9077053,-18.5295299],[-46.9076017,-18.5295299],[-46.9076017,-18.5291996],[-46.9077053,-18.5291996]]],"type":"Polygon"},"properties":{},"type":"Feature"},{"geometry":{"coordinates":[[[-46.9078089,-18.5253193],[-46.9078089,-18.5254845],[-46.907498,-18.5254845],[-46.907498,-18.5254019],[-46.9076017,-18.5254019],[-46.9076017,-18.5253193],[-46.9078089,-18.5253193]]],"type":"Polygon"},"properties":{},"type":"Feature"},{"geometry":{"coordinates":[[[-46.9078089,-18.5279612],[-46.9078089,-18.5281263],[-46.9076017,-18.5281263],[-46.9076017,-18.5280438],[-46.9077053,-18.5280438],[-46.9077053,-18.5279612],[-46.9078089,-18.5279612]]],"type":"Polygon"},"properties":{},"type":"Feature"},{"geometry":{"coordinates":[[[-46.9079126,-18.529695],[-46.9079126,-18.5297775],[-46.9080162,-18.5297775],[-46.9080162,-18.5300252],[-46.9079126,-18.5300252],[-46.9079126,-18.5298601],[-46.9078089,-18.5298601],[-46.9078089,-18.529695],[-46.9079126,-18.529695]]],"type":"Polygon"},"properties":{},"type":"Feature"},{"geometry":{"coordinates":[[[-46.9080162,-18.5277961],[-46.9080162,-18.5279612],[-46.9078089,-18.5279612],[-46.9078089,-18.5278787],[-46.9079126,-18.5278787],[-46.9079126,-18.5277961],[-46.9080162,-18.5277961]]],"type":"Polygon"},"properties":{},"type":"Feature"},{"geometry":{"coordinates":[[[-46.9081199,-18.5301078],[-46.9081199,-18.5301903],[-46.9082235,-18.5301903],[-46.9082235,-18.530438],[-46.9081199,-18.530438],[-46.9081199,-18.5302729],[-46.9080162,-18.5302729],[-46.9080162,-18.5301078],[-46.9081199,-18.5301078]]],"type":"Polygon"},"properties":{},"type":"Feature"},{"geometry":{"coordinates":[[[-46.9082235,-18.525567],[-46.9082235,-18.5256496],[-46.9084308,-18.5256496],[-46.9084308,-18.5257321],[-46.9085344,-18.5257321],[-46.9085344,-18.5260624],[-46.9086381,-18.5260624],[-46.9086381,-18.52631],[-46.9087417,-18.52631],[-46.9087417,-18.5263926],[-46.9088454,-18.5263926],[-46.9088454,-18.5271356],[-46.908949,-18.5271356],[-46.908949,-18.5269705],[-46.9090526,-18.5269705],[-46.9090526,-18.5272182],[-46.9091563,-18.5272182],[-46.9091563,-18.5273007],[-46.908949,-18.5273007],[-46.908949,-18.5273833],[-46.9088454,-18.5273833],[-46.9088454,-18.5274659],[-46.9087417,-18.5274659],[-46.9087417,-18.5270531],[-46.9086381,-18.5270531],[-46.9086381,-18.5269705],[-46.9085344,-18.5269705],[-46.9085344,-18.5268054],[-46.9084308,-18.5268054],[-46.9084308,-18.5267228],[-46.9083272,-18.5267228],[-46.9083272,-18.52631],[-46.9082235,-18.52631],[-46.9082235,-18.5261449],[-46.9081199,-18.5261449],[-46.9081199,-18.5260624],[-46.9080162,-18.5260624],[-46.9080162,-18.5258972],[-46.9079126,-18.5258972],[-46.9079126,-18.5258147],[-46.9078089,-18.5258147],[-46.9078089,-18.5256496],[-46.9081199,-18.5256496],[-46.9081199,-18.525567],[-46.9082235,-18.525567]]],"type":"Polygon"},"properties":{},"type":"Feature"},{"geometry":{"coordinates":[[[-46.9083272,-18.5305206],[-46.9083272,-18.5306857],[-46.9084308,-18.5306857],[-46.9084308,-18.5307683],[-46.9086381,-18.5307683],[-46.9086381,-18.5308508],[-46.9088454,-18.5308508],[-46.9088454,-18.531016],[-46.9087417,-18.531016],[-46.9087417,-18.5312636],[-46.9088454,-18.5312636],[-46.9088454,-18.5314288],[-46.9087417,-18.5314288],[-46.9087417,-18.5313462],[-46.9086381,-18.5313462],[-46.9086381,-18.531016],[-46.9085344,-18.531016],[-46.9085344,-18.5309334],[-46.9083272,-18.5309334],[-46.9083272,-18.5307683],[-46.9082235,-18.5307683],[-46.9082235,-18.5305206],[-46.9083272,-18.5305206]]],"type":"Polygon"},"properties":{},"type":"Feature"},{"geometry":{"coordinates":[[[-46.9085344,-18.5274659],[-46.9085344,-18.527631],[-46.9083272,-18.527631],[-46.9083272,-18.5274659],[-46.9085344,-18.5274659]]],"type":"Polygon"},"properties":{},"type":"Feature"},{"geometry":{"coordinates":[[[-46.908949,-18.5316764],[-46.908949,-18.531759],[-46.9088454,-18.531759],[-46.9088454,-18.5316764],[-46.908949,-18.5316764]]],"type":"Polygon"},"properties":{},"type":"Feature"},{"geometry":{"coordinates":[[[-46.9090526,-18.5215217],[-46.9090526,-18.5216868],[-46.908949,-18.5216868],[-46.908949,-18.5215217],[-46.9090526,-18.5215217]]],"type":"Polygon"},"properties":{},"type":"Feature"},{"geometry":{"coordinates":[[[-46.9091563,-18.5320892],[-46.9091563,-18.5321718],[-46.9090526,-18.5321718],[-46.9090526,-18.5320892],[-46.9091563,-18.5320892]]],"type":"Polygon"},"properties":{},"type":"Feature"},{"geometry":{"coordinates":[[[-46.9093636,-18.5135139],[-46.9093636,-18.5135964],[-46.9094672,-18.5135964],[-46.9094672,-18.513679],[-46.9097781,-18.513679],[-46.9097781,-18.5138441],[-46.9095709,-18.5138441],[-46.9095709,-18.5139267],[-46.9099854,-18.5139267],[-46.9099854,-18.5140918],[-46.9098818,-18.5140918],[-46.9098818,-18.5141743],[-46.9097781,-18.5141743],[-46.9097781,-18.5140918],[-46.9094672,-18.5140918],[-46.9094672,-18.5141743],[-46.9091563,-18.5141743],[-46.9091563,-18.5142569],[-46.9086381,-18.5142569],[-46.9086381,-18.5141743],[-46.9088454,-18.5141743],[-46.9088454,-18.5140918],[-46.9085344,-18.5140918],[-46.9085344,-18.5141743],[-46.9084308,-18.5141743],[-46.9084308,-18.5140918],[-46.9083272,-18.5140918],[-46.9083272,-18.5139267],[-46.9080162,-18.5139267],[-46.9080162,-18.5135139],[-46.9093636,-18.5135139]],[[-46.9083272,-18.5137616],[-46.9082235,-18.5137616],[-46.9082235,-18.5138441],[-46.9083272,-18.5138441],[-46.9083272,-18.5137616]],[[-46.9090526,-18.5140918],[-46.908949,-18.5140918],[-46.908949,-18.5141743],[-46.9090526,-18.5141743],[-46.9090526,-18.5140918]]],"type":"Polygon"},"properties":{},"type":"Feature"},{"geometry":{"coordinates":[[[-46.9093636,-18.5273007],[-46.9093636,-18.5274659],[-46.9094672,-18.5274659],[-46.9094672,-18.527631],[-46.9095709,-18.527631],[-46.9095709,-18.5278787],[-46.9094672,-18.5278787],[-46.9094672,-18.5279612],[-46.9092599,-18.5279612],[-46.9092599,-18.5277961],[-46.9091563,-18.5277961],[-46.9091563,-18.5273833],[-46.9092599,-18.5273833],[-46.9092599,-18.5273007],[-46.9093636,-18.5273007]]],"type":"Polygon"},"properties":{},"type":"Feature"},{"geometry":{"coordinates":[[[-46.9093636,-18.5323369],[-46.9093636,-18.5325021],[-46.9092599,-18.5325021],[-46.9092599,-18.5324195],[-46.9091563,-18.5324195],[-46.9091563,-18.5323369],[-46.9093636,-18.5323369]]],"type":"Polygon"},"properties":{},"type":"Feature"},{"geometry":{"coordinates":[[[-46.9095709,-18.5307683],[-46.9095709,-18.5308508],[-46.9094672,-18.5308508],[-46.9094672,-18.5307683],[-46.9095709,-18.5307683]]],"type":"Polygon"},"properties":{},"type":"Feature"},{"geometry":{"coordinates":[[[-46.9095709,-18.5325846],[-46.9095709,-18.5329149],[-46.9094672,-18.5329149],[-46.9094672,-18.5327497],[-46.9093636,-18.5327497],[-46.9093636,-18.5325846],[-46.9095709,-18.5325846]]],"type":"Polygon"},"properties":{},"type":"Feature"},{"geometry":{"coordinates":[[[-46.9096745,-18.5143394],[-46.9096745,-18.514422],[-46.9095709,-18.514422],[-46.9095709,-18.5143394],[-46.9096745,-18.5143394]]],"type":"Polygon"},"properties":{},"type":"Feature"},{"geometry":{"coordinates":[[[-46.9096745,-18.5329149],[-46.9096745,-18.53308],[-46.9095709,-18.53308],[-46.9095709,-18.5329149],[-46.9096745,-18.5329149]]],"type":"Polygon"},"properties":{},"type":"Feature"},{"geometry":{"coordinates":[[[-46.9098818,-18.514422],[-46.9098818,-18.5146696],[-46.9097781,-18.5146696],[-46.9097781,-18.514422],[-46.9098818,-18.514422]]],"type":"Polygon"},"properties":{},"type":"Feature"},{"geometry":{"coordinates":[[[-46.9098818,-18.5332451],[-46.9098818,-18.5334102],[-46.9097781,-18.5334102],[-46.9097781,-18.5332451],[-46.9098818,-18.5332451]]],"type":"Polygon"},"properties":{},"type":"Feature"},{"geometry":{"coordinates":[[[-46.9099854,-18.5334102],[-46.9099854,-18.5334928],[-46.9098818,-18.5334928],[-46.9098818,-18.5334102],[-46.9099854,-18.5334102]]],"type":"Polygon"},"properties":{},"type":"Feature"},{"geometry":{"coordinates":[[[-46.9101927,-18.533823],[-46.9101927,-18.5339882],[-46.9100891,-18.5339882],[-46.9100891,-18.533823],[-46.9101927,-18.533823]]],"type":"Polygon"},"properties":{},"type":"Feature"},{"geometry":{"coordinates":[[[-46.9104,-18.5343184],[-46.9104,-18.534401],[-46.9102963,-18.534401],[-46.9102963,-18.5343184],[-46.9104,-18.5343184]]],"type":"Polygon"},"properties":{},"type":"Feature"},{"geometry":{"coordinates":[[[-46.9106073,-18.5346487],[-46.9106073,-18.5347312],[-46.9105036,-18.5347312],[-46.9105036,-18.5346487],[-46.9106073,-18.5346487]]],"type":"Polygon"},"properties":{},"type":"Feature"},{"geometry":{"coordinates":[[[-46.9107109,-18.5323369],[-46.9107109,-18.5324195],[-46.9105036,-18.5324195],[-46.9105036,-18.5325021],[-46.9102963,-18.5325021],[-46.9102963,-18.5325846],[-46.9101927,-18.5325846],[-46.9101927,-18.5324195],[-46.9102963,-18.5324195],[-46.9102963,-18.5323369],[-46.9107109,-18.5323369]]],"type":"Polygon"},"properties":{},"type":"Feature"},{"geometry":{"coordinates":[[[-46.9107109,-18.5348138],[-46.9107109,-18.5348964],[-46.9106073,-18.5348964],[-46.9106073,-18.5348138],[-46.9107109,-18.5348138]]],"type":"Polygon"},"properties":{},"type":"Feature"},{"geometry":{"coordinates":[[[-46.9108146,-18.5350615],[-46.9108146,-18.5352266],[-46.9107109,-18.5352266],[-46.9107109,-18.5350615],[-46.9108146,-18.5350615]]],"type":"Polygon"},"properties":{},"type":"Feature"},{"geometry":{"coordinates":[[[-46.9109182,-18.5352266],[-46.9109182,-18.5353917],[-46.9108146,-18.5353917],[-46.9108146,-18.5352266],[-46.9109182,-18.5352266]]],"type":"Polygon"},"properties":{},"type":"Feature"},{"geometry":{"coordinates":[[[-46.9110218,-18.5353917],[-46.9110218,-18.5355569],[-46.9109182,-18.5355569],[-46.9109182,-18.5353917],[-46.9110218,-18.5353917]]],"type":"Polygon"},"properties":{},"type":"Feature"},{"geometry":{"coordinates":[[[-46.9112291,-18.5356394],[-46.9112291,-18.535722],[-46.9111255,-18.535722],[-46.9111255,-18.5356394],[-46.9112291,-18.5356394]]],"type":"Polygon"},"properties":{},"type":"Feature"},{"geometry":{"coordinates":[[[-46.9113328,-18.5261449],[-46.9113328,-18.5262275],[-46.9112291,-18.5262275],[-46.9112291,-18.5261449],[-46.9113328,-18.5261449]]],"type":"Polygon"},"properties":{},"type":"Feature"},{"geometry":{"coordinates":[[[-46.9113328,-18.5272182],[-46.9113328,-18.5273007],[-46.9112291,-18.5273007],[-46.9112291,-18.5272182],[-46.9113328,-18.5272182]]],"type":"Polygon"},"properties":{},"type":"Feature"},{"geometry":{"coordinates":[[[-46.9113328,-18.535722],[-46.9113328,-18.5359697],[-46.9112291,-18.5359697],[-46.9112291,-18.535722],[-46.9113328,-18.535722]]],"type":"Polygon"},"properties":{},"type":"Feature"},{"geometry":{"coordinates":[[[-46.9114364,-18.5145871],[-46.9114364,-18.5146696],[-46.91154,-18.5146696],[-46.91154,-18.5147522],[-46.9111255,-18.5147522],[-46.9111255,-18.5145871],[-46.9112291,-18.5145871],[-46.9112291,-18.5146696],[-46.9113328,-18.5146696],[-46.9113328,-18.5145871],[-46.9114364,-18.5145871]]],"type":"Polygon"},"properties":{},"type":"Feature"},{"geometry":{"coordinates":[[[-46.9114364,-18.5359697],[-46.9114364,-18.5361348],[-46.91154,-18.5361348],[-46.91154,-18.5362999],[-46.9114364,-18.5362999],[-46.9114364,-18.5362174],[-46.9113328,-18.5362174],[-46.9113328,-18.5359697],[-46.9114364,-18.5359697]]],"type":"Polygon"},"properties":{},"type":"Feature"},{"geometry":{"coordinates":[[[-46.91154,-18.5271356],[-46.91154,-18.5272182],[-46.9114364,-18.5272182],[-46.9114364,-18.5271356],[-46.91154,-18.5271356]]],"type":"Polygon"},"properties":{},"type":"Feature"},{"geometry":{"coordinates":[[[-46.9117473,-18.5211915],[-46.9117473,-18.521274],[-46.9116437,-18.521274],[-46.9116437,-18.5211915],[-46.9117473,-18.5211915]]],"type":"Polygon"},"properties":{},"type":"Feature"},{"geometry":{"coordinates":[[[-46.9117473,-18.5214391],[-46.9117473,-18.5218519],[-46.9116437,-18.5218519],[-46.9116437,-18.5216043],[-46.9113328,-18.5216043],[-46.9113328,-18.5215217],[-46.9114364,-18.5215217],[-46.9114364,-18.5214391],[-46.9117473,-18.5214391]]],"type":"Polygon"},"properties":{},"type":"Feature"},{"geometry":{"coordinates":[[[-46.9117473,-18.5341533],[-46.9117473,-18.5342359],[-46.9116437,-18.5342359],[-46.9116437,-18.5341533],[-46.9117473,-18.5341533]]],"type":"Polygon"},"properties":{},"type":"Feature"},{"geometry":{"coordinates":[[[-46.9119546,-18.5342359],[-46.9119546,-18.5343184],[-46.9117473,-18.5343184],[-46.9117473,-18.5342359],[-46.9119546,-18.5342359]]],"type":"Polygon"},"properties":{},"type":"Feature"},{"geometry":{"coordinates":[[[-46.9122655,-18.5198706],[-46.9122655,-18.5200357],[-46.9123692,-18.5200357],[-46.9123692,-18.5201182],[-46.9122655,-18.5201182],[-46.9122655,-18.5203659],[-46.9121619,-18.5203659],[-46.9121619,-18.5204485],[-46.9119546,-18.5204485],[-46.9119546,-18.5202008],[-46.9120583,-18.5202008],[-46.9120583,-18.5198706],[-46.9122655,-18.5198706]]],"type":"Polygon"},"properties":{},"type":"Feature"},{"geometry":{"coordinates":[[[-46.9122655,-18.5243286],[-46.9122655,-18.5244112],[-46.9121619,-18.5244112],[-46.9121619,-18.5243286],[-46.9122655,-18.5243286]]],"type":"Polygon"},"properties":{},"type":"Feature"},{"geometry":{"coordinates":[[[-46.9122655,-18.5302729],[-46.9122655,-18.5303555],[-46.9119546,-18.5303555],[-46.9119546,-18.5302729],[-46.9122655,-18.5302729]]],"type":"Polygon"},"properties":{},"type":"Feature"},{"geometry":{"coordinates":[[[-46.9123692,-18.5235856],[-46.9123692,-18.5239159],[-46.9122655,-18.5239159],[-46.9122655,-18.5238333],[-46.9121619,-18.5238333],[-46.9121619,-18.5236682],[-46.9122655,-18.5236682],[-46.9122655,-18.5235856],[-46.9123692,-18.5235856]]],"type":"Polygon"},"properties":{},"type":"Feature"},{"geometry":{"coordinates":[[[-46.9123692,-18.5239984],[-46.9123692,-18.524081],[-46.9122655,-18.524081],[-46.9122655,-18.5239984],[-46.9123692,-18.5239984]]],"type":"Polygon"},"properties":{},"type":"Feature"},{"geometry":{"coordinates":[[[-46.9125765,-18.5230903],[-46.9125765,-18.5232554],[-46.9124728,-18.5232554],[-46.9124728,-18.5230903],[-46.9125765,-18.5230903]]],"type":"Polygon"},"properties":{},"type":"Feature"},{"geometry":{"coordinates":[[[-46.9125765,-18.5235031],[-46.9125765,-18.5236682],[-46.9127837,-18.5236682],[-46.9127837,-18.5237507],[-46.9126801,-18.5237507],[-46.9126801,-18.5241635],[-46.9125765,-18.5241635],[-46.9125765,-18.5239984],[-46.9124728,-18.5239984],[-46.9124728,-18.5235031],[-46.9125765,-18.5235031]]],"type":"Polygon"},"properties":{},"type":"Feature"},{"geometry":{"coordinates":[[[-46.912991,-18.5339056],[-46.912991,-18.5341533],[-46.9128874,-18.5341533],[-46.9128874,-18.5339056],[-46.912991,-18.5339056]]],"type":"Polygon"},"properties":{},"type":"Feature"},{"geometry":{"coordinates":[[[-46.912991,-18.5350615],[-46.912991,-18.535144],[-46.9128874,-18.535144],[-46.9128874,-18.5350615],[-46.912991,-18.5350615]]],"type":"Polygon"},"properties":{},"type":"Feature"},{"geometry":{"coordinates":[[[-46.9131983,-18.5235856],[-46.9131983,-18.5239984],[-46.9130947,-18.5239984],[-46.9130947,-18.5235856],[-46.9131983,-18.5235856]]],"type":"Polygon"},"properties":{},"type":"Feature"},{"geometry":{"coordinates":[[[-46.9131983,-18.5273833],[-46.9131983,-18.5274659],[-46.9130947,-18.5274659],[-46.9130947,-18.5273833],[-46.9131983,-18.5273833]]],"type":"Polygon"},"properties":{},"type":"Feature"},{"geometry":{"coordinates":[[[-46.913302,-18.526888],[-46.913302,-18.5272182],[-46.9131983,-18.5272182],[-46.9131983,-18.5271356],[-46.9130947,-18.5271356],[-46.9130947,-18.526888],[-46.913302,-18.526888]]],"type":"Polygon"},"properties":{},"type":"Feature"},{"geometry":{"coordinates":[[[-46.9134056,-18.5352266],[-46.9134056,-18.5353917],[-46.9135092,-18.5353917],[-46.9135092,-18.5354743],[-46.9134056,-18.5354743],[-46.9134056,-18.5355569],[-46.9130947,-18.5355569],[-46.9130947,-18.5356394],[-46.9128874,-18.5356394],[-46.9128874,-18.5358046],[-46.9127837,-18.5358046],[-46.9127837,-18.535722],[-46.9126801,-18.535722],[-46.9126801,-18.5353092],[-46.9127837,-18.5353092],[-46.9127837,-18.5352266],[-46.912991,-18.5352266],[-46.912991,-18.5353917],[-46.9130947,-18.5353917],[-46.9130947,-18.5353092],[-46.913302,-18.5353092],[-46.913302,-18.5352266],[-46.9134056,-18.5352266]]],"type":"Polygon"},"properties":{},"type":"Feature"},{"geometry":{"coordinates":[[[-46.9135092,-18.5324195],[-46.9135092,-18.5325021],[-46.913302,-18.5325021],[-46.913302,-18.5324195],[-46.9135092,-18.5324195]]],"type":"Polygon"},"properties":{},"type":"Feature"},{"geometry":{"coordinates":[[[-46.9135092,-18.5350615],[-46.9135092,-18.5352266],[-46.9134056,-18.5352266],[-46.9134056,-18.5350615],[-46.9135092,-18.5350615]]],"type":"Polygon"},"properties":{},"type":"Feature"},{"geometry":{"coordinates":[[[-46.9136129,-18.5348964],[-46.9136129,-18.5350615],[-46.9135092,-18.5350615],[-46.9135092,-18.5348964],[-46.9136129,-18.5348964]]],"type":"Polygon"},"properties":{},"type":"Feature"},{"geometry":{"coordinates":[[[-46.9137165,-18.4996456],[-46.9137165,-18.4998932],[-46.9136129,-18.4998932],[-46.9136129,-18.4996456],[-46.9137165,-18.4996456]]],"type":"Polygon"},"properties":{},"type":"Feature"},{"geometry":{"coordinates":[[[-46.9137165,-18.5331626],[-46.9137165,-18.5339882],[-46.9138202,-18.5339882],[-46.9138202,-18.5340707],[-46.9137165,-18.5340707],[-46.9137165,-18.5341533],[-46.9131983,-18.5341533],[-46.9131983,-18.5345661],[-46.912991,-18.5345661],[-46.912991,-18.5341533],[-46.9130947,-18.5341533],[-46.9130947,-18.5340707],[-46.9134056,-18.5340707],[-46.9134056,-18.5339056],[-46.9135092,-18.5339056],[-46.9135092,-18.5337405],[-46.9136129,-18.5337405],[-46.9136129,-18.5331626],[-46.9137165,-18.5331626]]],"type":"Polygon"},"properties":{},"type":"Feature"},{"geometry":{"coordinates":[[[-46.9138202,-18.5327497],[-46.9138202,-18.5328323],[-46.9137165,-18.5328323],[-46.9137165,-18.5327497],[-46.9138202,-18.5327497]]],"type":"Polygon"},"properties":{},"type":"Feature"},{"geometry":{"coordinates":[[[-46.9139238,-18.5232554],[-46.9139238,-18.5235031],[-46.9140274,-18.5235031],[-46.9140274,-18.5239984],[-46.9138202,-18.5239984],[-46.9138202,-18.524081],[-46.9137165,-18.524081],[-46.9137165,-18.5242461],[-46.9136129,-18.5242461],[-46.9136129,-18.5241635],[-46.9135092,-18.5241635],[-46.9135092,-18.5238333],[-46.9136129,-18.5238333],[-46.9136129,-18.5235856],[-46.9137165,-18.5235856],[-46.9137165,-18.5232554],[-46.9139238,-18.5232554]],[[-46.9137165,-18.5238333],[-46.9136129,-18.5238333],[-46.9136129,-18.5239159],[-46.9137165,-18.5239159],[-46.9137165,-18.5238333]]],"type":"Polygon"},"properties":{},"type":"Feature"},{"geometry":{"coordinates":[[[-46.9140274,-18.524824],[-46.9140274,-18.5250717],[-46.9142347,-18.5250717],[-46.9142347,-18.5251542],[-46.9143384,-18.5251542],[-46.9143384,-18.5252368],[-46.9145457,-18.5252368],[-46.9145457,-18.5253193],[-46.9146493,-18.5253193],[-46.9146493,-18.5254019],[-46.9147529,-18.5254019],[-46.9147529,-18.525567],[-46.9148566,-18.525567],[-46.9148566,-18.5256496],[-46.9151675,-18.5256496],[-46.9151675,-18.5257321],[-46.9154784,-18.5257321],[-46.9154784,-18.5258147],[-46.9155821,-18.5258147],[-46.9155821,-18.5258972],[-46.9156857,-18.5258972],[-46.9156857,-18.5262275],[-46.9155821,-18.5262275],[-46.9155821,-18.52631],[-46.915893,-18.52631],[-46.915893,-18.5263926],[-46.9155821,-18.5263926],[-46.9155821,-18.5264752],[-46.9156857,-18.5264752],[-46.9156857,-18.5266403],[-46.9155821,-18.5266403],[-46.9155821,-18.5267228],[-46.9154784,-18.5267228],[-46.9154784,-18.5268054],[-46.9153748,-18.5268054],[-46.9153748,-18.5272182],[-46.9151675,-18.5272182],[-46.9151675,-18.5271356],[-46.9150639,-18.5271356],[-46.9150639,-18.5275484],[-46.9151675,-18.5275484],[-46.9151675,-18.5277961],[-46.9150639,-18.5277961],[-46.9150639,-18.5277135],[-46.9149602,-18.5277135],[-46.9149602,-18.5273833],[-46.9148566,-18.5273833],[-46.9148566,-18.5272182],[-46.9147529,-18.5272182],[-46.9147529,-18.5271356],[-46.9146493,-18.5271356],[-46.9146493,-18.5269705],[-46.9143384,-18.5269705],[-46.9143384,-18.5270531],[-46.9142347,-18.5270531],[-46.9142347,-18.526888],[-46.9141311,-18.526888],[-46.9141311,-18.5266403],[-46.9140274,-18.5266403],[-46.9140274,-18.5265577],[-46.9139238,-18.5265577],[-46.9139238,-18.5264752],[-46.9137165,-18.5264752],[-46.9137165,-18.5263926],[-46.9138202,-18.5263926],[-46.9138202,-18.52631],[-46.9142347,-18.52631],[-46.9142347,-18.5257321],[-46.9141311,-18.5257321],[-46.9141311,-18.5256496],[-46.9140274,-18.5256496],[-46.9140274,-18.5258147],[-46.9141311,-18.5258147],[-46.9141311,-18.5260624],[-46.9140274,-18.5260624],[-46.9140274,-18.5261449],[-46.9141311,-18.5261449],[-46.9141311,-18.5262275],[-46.9137165,-18.5262275],[-46.9137165,-18.5261449],[-46.9138202,-18.5261449],[-46.9138202,-18.5260624],[-46.9137165,-18.5260624],[-46.9137165,-18.5258147],[-46.9136129,-18.5258147],[-46.9136129,-18.5257321],[-46.9135092,-18.5257321],[-46.9135092,-18.525567],[-46.9137165,-18.525567],[-46.9137165,-18.5251542],[-46.9138202,-18.5251542],[-46.9138202,-18.524824],[-46.9140274,-18.524824]],[[-46.9141311,-18.5251542],[-46.9140274,-18.5251542],[-46.9140274,-18.5252368],[-46.9141311,-18.5252368],[-46.9141311,-18.5251542]],[[-46.9142347,-18.5252368],[-46.9141311,-18.5252368],[-46.9141311,-18.5253193],[-46.9140274,-18.5253193],[-46.9140274,-18.525567],[-46.9142347,-18.525567],[-46.9142347,-18.5252368]],[[-46.9152711,-18.5270531],[-46.9151675,-18.5270531],[-46.9151675,-18.5271356],[-46.9152711,-18.5271356],[-46.9152711,-18.5270531]]],"type":"Polygon"},"properties":{},"type":"Feature"},{"geometry":{"coordinates":[[[-46.9140274,-18.5353092],[-46.9140274,-18.5353917],[-46.9139238,-18.5353917],[-46.9139238,-18.5353092],[-46.9140274,-18.5353092]]],"type":"Polygon"},"properties":{},"type":"Feature"},{"geometry":{"coordinates":[[[-46.9141311,-18.5270531],[-46.9141311,-18.5271356],[-46.9140274,-18.5271356],[-46.9140274,-18.5272182],[-46.9141311,-18.5272182],[-46.9141311,-18.5273833],[-46.9140274,-18.5273833],[-46.9140274,-18.5277961],[-46.9141311,-18.5277961],[-46.9141311,-18.5279612],[-46.9140274,-18.5279612],[-46.9140274,-18.5280438],[-46.9141311,-18.5280438],[-46.9141311,-18.5281263],[-46.9142347,-18.5281263],[-46.9142347,-18.5282089],[-46.9145457,-18.5282089],[-46.9145457,-18.5277135],[-46.9146493,-18.5277135],[-46.9146493,-18.5277961],[-46.9148566,-18.5277961],[-46.9148566,-18.5277135],[-46.9149602,-18.5277135],[-46.9149602,-18.5278787],[-46.9148566,-18.5278787],[-46.9148566,-18.5282915],[-46.9147529,-18.5282915],[-46.9147529,-18.5287868],[-46.914442,-18.5287868],[-46.914442,-18.5288694],[-46.9145457,-18.5288694],[-46.9145457,-18.5289519],[-46.9146493,-18.5289519],[-46.9146493,-18.5290345],[-46.9147529,-18.5290345],[-46.9147529,-18.5291171],[-46.9148566,-18.5291171],[-46.9148566,-18.5293647],[-46.9149602,-18.5293647],[-46.9149602,-18.5294473],[-46.9148566,-18.5294473],[-46.9148566,-18.529695],[-46.9143384,-18.529695],[-46.9143384,-18.5297775],[-46.9142347,-18.5297775],[-46.9142347,-18.5298601],[-46.9140274,-18.5298601],[-46.9140274,-18.5297775],[-46.9139238,-18.5297775],[-46.9139238,-18.5298601],[-46.9135092,-18.5298601],[-46.9135092,-18.5299427],[-46.913302,-18.5299427],[-46.913302,-18.5300252],[-46.9127837,-18.5300252],[-46.9127837,-18.5301078],[-46.9124728,-18.5301078],[-46.9124728,-18.5301903],[-46.9123692,-18.5301903],[-46.9123692,-18.5302729],[-46.9122655,-18.5302729],[-46.9122655,-18.5301903],[-46.911851,-18.5301903],[-46.911851,-18.5303555],[-46.9119546,-18.5303555],[-46.9119546,-18.530438],[-46.9116437,-18.530438],[-46.9116437,-18.5305206],[-46.9112291,-18.5305206],[-46.9112291,-18.530438],[-46.9111255,-18.530438],[-46.9111255,-18.5305206],[-46.9110218,-18.5305206],[-46.9110218,-18.5306031],[-46.9107109,-18.5306031],[-46.9107109,-18.5306857],[-46.9101927,-18.5306857],[-46.9101927,-18.5307683],[-46.9099854,-18.5307683],[-46.9099854,-18.5306031],[-46.9100891,-18.5306031],[-46.9100891,-18.530438],[-46.9105036,-18.530438],[-46.9105036,-18.5303555],[-46.9106073,-18.5303555],[-46.9106073,-18.530438],[-46.9107109,-18.530438],[-46.9107109,-18.5299427],[-46.9104,-18.5299427],[-46.9104,-18.5297775],[-46.9105036,-18.5297775],[-46.9105036,-18.529695],[-46.9106073,-18.529695],[-46.9106073,-18.5297775],[-46.9107109,-18.5297775],[-46.9107109,-18.5296124],[-46.9106073,-18.5296124],[-46.9106073,-18.5295299],[-46.9105036,-18.5295299],[-46.9105036,-18.5294473],[-46.9102963,-18.5294473],[-46.9102963,-18.5295299],[-46.9101927,-18.5295299],[-46.9101927,-18.5294473],[-46.9098818,-18.5294473],[-46.9098818,-18.5292822],[-46.9097781,-18.5292822],[-46.9097781,-18.5290345],[-46.9096745,-18.5290345],[-46.9096745,-18.5291171],[-46.9093636,-18.5291171],[-46.9093636,-18.5290345],[-46.9092599,-18.5290345],[-46.9092599,-18.5291171],[-46.9090526,-18.5291171],[-46.9090526,-18.5291996],[-46.9087417,-18.5291996],[-46.9087417,-18.5290345],[-46.9091563,-18.5290345],[-46.9091563,-18.5289519],[-46.9093636,-18.5289519],[-46.9093636,-18.5288694],[-46.9094672,-18.5288694],[-46.9094672,-18.5287043],[-46.9095709,-18.5287043],[-46.9095709,-18.5285391],[-46.9097781,-18.5285391],[-46.9097781,-18.5282089],[-46.9095709,-18.5282089],[-46.9095709,-18.5281263],[-46.9094672,-18.5281263],[-46.9094672,-18.5279612],[-46.9095709,-18.5279612],[-46.9095709,-18.5280438],[-46.9097781,-18.5280438],[-46.9097781,-18.5279612],[-46.9100891,-18.5279612],[-46.9100891,-18.5274659],[-46.9102963,-18.5274659],[-46.9102963,-18.5275484],[-46.9105036,-18.5275484],[-46.9105036,-18.5274659],[-46.9107109,-18.5274659],[-46.9107109,-18.5273833],[-46.9108146,-18.5273833],[-46.9108146,-18.5272182],[-46.9111255,-18.5272182],[-46.9111255,-18.5273007],[-46.9109182,-18.5273007],[-46.9109182,-18.5274659],[-46.9108146,-18.5274659],[-46.9108146,-18.5275484],[-46.9106073,-18.5275484],[-46.9106073,-18.5277135],[-46.9110218,-18.5277135],[-46.9110218,-18.527631],[-46.9112291,-18.527631],[-46.9112291,-18.5275484],[-46.9113328,-18.5275484],[-46.9113328,-18.5273833],[-46.91154,-18.5273833],[-46.91154,-18.5273007],[-46.9116437,-18.5273007],[-46.9116437,-18.5270531],[-46.911851,-18.5270531],[-46.911851,-18.5271356],[-46.9117473,-18.5271356],[-46.9117473,-18.5272182],[-46.9119546,-18.5272182],[-46.9119546,-18.5270531],[-46.9121619,-18.5270531],[-46.9121619,-18.5271356],[-46.9122655,-18.5271356],[-46.9122655,-18.5272182],[-46.9123692,-18.5272182],[-46.9123692,-18.5274659],[-46.9124728,-18.5274659],[-46.9124728,-18.5275484],[-46.9125765,-18.5275484],[-46.9125765,-18.5277135],[-46.9130947,-18.5277135],[-46.9130947,-18.5275484],[-46.9131983,-18.5275484],[-46.9131983,-18.527631],[-46.9134056,-18.527631],[-46.9134056,-18.5277135],[-46.9135092,-18.5277135],[-46.9135092,-18.5275484],[-46.9136129,-18.5275484],[-46.9136129,-18.5272182],[-46.9137165,-18.5272182],[-46.9137165,-18.5273007],[-46.9138202,-18.5273007],[-46.9138202,-18.5272182],[-46.9139238,-18.5272182],[-46.9139238,-18.5270531],[-46.9141311,-18.5270531]],[[-46.9104,-18.527631],[-46.9102963,-18.527631],[-46.9102963,-18.5277961],[-46.9105036,-18.5277961],[-46.9105036,-18.5277135],[-46.9104,-18.5277135],[-46.9104,-18.527631]],[[-46.9137165,-18.5277961],[-46.9136129,-18.5277961],[-46.9136129,-18.5279612],[-46.9137165,-18.5279612],[-46.9137165,-18.5277961]],[[-46.9134056,-18.5278787],[-46.9131983,-18.5278787],[-46.9131983,-18.5280438],[-46.9134056,-18.5280438],[-46.9134056,-18.5281263],[-46.9135092,-18.5281263],[-46.9135092,-18.5279612],[-46.9134056,-18.5279612],[-46.9134056,-18.5278787]],[[-46.9136129,-18.5281263],[-46.9135092,-18.5281263],[-46.9135092,-18.5282089],[-46.9136129,-18.5282089],[-46.9136129,-18.5281263]],[[-46.914442,-18.5282915],[-46.9142347,-18.5282915],[-46.9142347,-18.528374],[-46.914442,-18.528374],[-46.914442,-18.5282915]],[[-46.9121619,-18.5290345],[-46.9120583,-18.5290345],[-46.9120583,-18.5291171],[-46.9121619,-18.5291171],[-46.9121619,-18.5290345]],[[-46.9111255,-18.5295299],[-46.9110218,-18.5295299],[-46.9110218,-18.5296124],[-46.9111255,-18.5296124],[-46.9111255,-18.5295299]],[[-46.9117473,-18.5296124],[-46.9114364,-18.5296124],[-46.9114364,-18.5299427],[-46.9113328,-18.5299427],[-46.9113328,-18.5300252],[-46.9112291,-18.5300252],[-46.9112291,-18.5301078],[-46.91154,-18.5301078],[-46.91154,-18.5300252],[-46.9120583,-18.5300252],[-46.9120583,-18.5298601],[-46.9119546,-18.5298601],[-46.9119546,-18.5297775],[-46.9117473,-18.5297775],[-46.9117473,-18.5296124]],[[-46.9114364,-18.5303555],[-46.9113328,-18.5303555],[-46.9113328,-18.530438],[-46.9114364,-18.530438],[-46.9114364,-18.5303555]]],"type":"Polygon"},"properties":{},"type":"Feature"},{"geometry":{"coordinates":[[[-46.9142347,-18.5232554],[-46.9142347,-18.5233379],[-46.9140274,-18.5233379],[-46.9140274,-18.5232554],[-46.9142347,-18.5232554]]],"type":"Polygon"},"properties":{},"type":"Feature"},{"geometry":{"coordinates":[[[-46.9143384,-18.5229252],[-46.9143384,-18.5230077],[-46.9142347,-18.5230077],[-46.9142347,-18.5229252],[-46.9143384,-18.5229252]]],"type":"Polygon"},"properties":{},"type":"Feature"},{"geometry":{"coordinates":[[[-46.9143384,-18.5231728],[-46.9143384,-18.5232554],[-46.9142347,-18.5232554],[-46.9142347,-18.5231728],[-46.9143384,-18.5231728]]],"type":"Polygon"},"properties":{},"type":"Feature"},{"geometry":{"coordinates":[[[-46.9143384,-18.5353917],[-46.9143384,-18.5354743],[-46.9142347,-18.5354743],[-46.9142347,-18.5355569],[-46.9141311,-18.5355569],[-46.9141311,-18.5354743],[-46.9140274,-18.5354743],[-46.9140274,-18.5353917],[-46.9143384,-18.5353917]]],"type":"Polygon"},"properties":{},"type":"Feature"},{"geometry":{"coordinates":[[[-46.9146493,-18.5310985],[-46.9146493,-18.5312636],[-46.9145457,-18.5312636],[-46.9145457,-18.5310985],[-46.9146493,-18.5310985]]],"type":"Polygon"},"properties":{},"type":"Feature"},{"geometry":{"coordinates":[[[-46.9147529,-18.5354743],[-46.9147529,-18.5355569],[-46.914442,-18.5355569],[-46.914442,-18.5354743],[-46.9147529,-18.5354743]]],"type":"Polygon"},"properties":{},"type":"Feature"},{"geometry":{"coordinates":[[[-46.9148566,-18.5209438],[-46.9148566,-18.5211089],[-46.9146493,-18.5211089],[-46.9146493,-18.5209438],[-46.9148566,-18.5209438]]],"type":"Polygon"},"properties":{},"type":"Feature"},{"geometry":{"coordinates":[[[-46.9148566,-18.5230903],[-46.9148566,-18.5231728],[-46.9147529,-18.5231728],[-46.9147529,-18.5232554],[-46.9146493,-18.5232554],[-46.9146493,-18.5230903],[-46.9148566,-18.5230903]]],"type":"Polygon"},"properties":{},"type":"Feature"},{"geometry":{"coordinates":[[[-46.9148566,-18.5306031],[-46.9148566,-18.5308508],[-46.9147529,-18.5308508],[-46.9147529,-18.5306031],[-46.9148566,-18.5306031]]],"type":"Polygon"},"properties":{},"type":"Feature"},{"geometry":{"coordinates":[[[-46.9149602,-18.529695],[-46.9149602,-18.5302729],[-46.9148566,-18.5302729],[-46.9148566,-18.5300252],[-46.9147529,-18.5300252],[-46.9147529,-18.5299427],[-46.9148566,-18.5299427],[-46.9148566,-18.529695],[-46.9149602,-18.529695]]],"type":"Polygon"},"properties":{},"type":"Feature"},{"geometry":{"coordinates":[[[-46.9152711,-18.5295299],[-46.9152711,-18.5296124],[-46.9151675,-18.5296124],[-46.9151675,-18.5295299],[-46.9152711,-18.5295299]]],"type":"Polygon"},"properties":{},"type":"Feature"},{"geometry":{"coordinates":[[[-46.9153748,-18.5274659],[-46.9153748,-18.5275484],[-46.9152711,-18.5275484],[-46.9152711,-18.5274659],[-46.9153748,-18.5274659]]],"type":"Polygon"},"properties":{},"type":"Feature"},{"geometry":{"coordinates":[[[-46.915893,-18.5206961],[-46.915893,-18.5207787],[-46.9159966,-18.5207787],[-46.9159966,-18.5209438],[-46.915893,-18.5209438],[-46.915893,-18.5210264],[-46.9159966,-18.5210264],[-46.9159966,-18.5211089],[-46.9156857,-18.5211089],[-46.9156857,-18.521274],[-46.9161003,-18.521274],[-46.9161003,-18.5213566],[-46.9162039,-18.5213566],[-46.9162039,-18.5214391],[-46.9163076,-18.5214391],[-46.9163076,-18.5218519],[-46.9162039,-18.5218519],[-46.9162039,-18.5219345],[-46.9163076,-18.5219345],[-46.9163076,-18.522017],[-46.9165148,-18.522017],[-46.9165148,-18.5217694],[-46.9166185,-18.5217694],[-46.9166185,-18.5215217],[-46.9167221,-18.5215217],[-46.9167221,-18.5213566],[-46.9168258,-18.5213566],[-46.9168258,-18.5215217],[-46.9170331,-18.5215217],[-46.9170331,-18.5220996],[-46.9172403,-18.5220996],[-46.9172403,-18.5222647],[-46.9174476,-18.5222647],[-46.9174476,-18.5233379],[-46.917344,-18.5233379],[-46.917344,-18.5234205],[-46.9174476,-18.5234205],[-46.9174476,-18.5235856],[-46.917344,-18.5235856],[-46.917344,-18.5239159],[-46.9172403,-18.5239159],[-46.9172403,-18.5239984],[-46.9171367,-18.5239984],[-46.9171367,-18.5238333],[-46.9170331,-18.5238333],[-46.9170331,-18.5236682],[-46.9168258,-18.5236682],[-46.9168258,-18.5235031],[-46.9166185,-18.5235031],[-46.9166185,-18.5236682],[-46.9165148,-18.5236682],[-46.9165148,-18.5237507],[-46.9164112,-18.5237507],[-46.9164112,-18.5238333],[-46.9162039,-18.5238333],[-46.9162039,-18.5239159],[-46.9161003,-18.5239159],[-46.9161003,-18.524081],[-46.9157894,-18.524081],[-46.9157894,-18.5243286],[-46.9156857,-18.5243286],[-46.9156857,-18.5244938],[-46.9155821,-18.5244938],[-46.9155821,-18.5245763],[-46.9153748,-18.5245763],[-46.9153748,-18.5244938],[-46.9147529,-18.5244938],[-46.9147529,-18.5245763],[-46.9146493,-18.5245763],[-46.9146493,-18.5244938],[-46.9145457,-18.5244938],[-46.9145457,-18.5245763],[-46.914442,-18.5245763],[-46.914442,-18.5247414],[-46.9142347,-18.5247414],[-46.9142347,-18.5245763],[-46.9140274,-18.5245763],[-46.9140274,-18.5246589],[-46.9139238,-18.5246589],[-46.9139238,-18.5245763],[-46.9138202,-18.5245763],[-46.9138202,-18.5243286],[-46.9139238,-18.5243286],[-46.9139238,-18.5241635],[-46.9141311,-18.5241635],[-46.9141311,-18.524081],[-46.9140274,-18.524081],[-46.9140274,-18.5239984],[-46.9142347,-18.5239984],[-46.9142347,-18.5238333],[-46.9143384,-18.5238333],[-46.9143384,-18.5236682],[-46.914442,-18.5236682],[-46.914442,-18.5235856],[-46.9146493,-18.5235856],[-46.9146493,-18.5233379],[-46.9147529,-18.5233379],[-46.9147529,-18.5235031],[-46.9148566,-18.5235031],[-46.9148566,-18.5235856],[-46.9149602,-18.5235856],[-46.9149602,-18.5232554],[-46.9150639,-18.5232554],[-46.9150639,-18.5231728],[-46.9151675,-18.5231728],[-46.9151675,-18.5230903],[-46.9152711,-18.5230903],[-46.9152711,-18.5229252],[-46.9151675,-18.5229252],[-46.9151675,-18.52276],[-46.9149602,-18.52276],[-46.9149602,-18.5225124],[-46.9152711,-18.5225124],[-46.9152711,-18.5224298],[-46.9151675,-18.5224298],[-46.9151675,-18.5221821],[-46.9148566,-18.5221821],[-46.9148566,-18.5223473],[-46.9147529,-18.5223473],[-46.9147529,-18.5224298],[-46.9146493,-18.5224298],[-46.9146493,-18.5225949],[-46.9145457,-18.5225949],[-46.9145457,-18.5228426],[-46.914442,-18.5228426],[-46.914442,-18.5229252],[-46.9143384,-18.5229252],[-46.9143384,-18.52276],[-46.9142347,-18.52276],[-46.9142347,-18.5225124],[-46.9143384,-18.5225124],[-46.9143384,-18.5223473],[-46.914442,-18.5223473],[-46.914442,-18.5221821],[-46.9145457,-18.5221821],[-46.9145457,-18.522017],[-46.9146493,-18.522017],[-46.9146493,-18.5219345],[-46.9147529,-18.5219345],[-46.9147529,-18.5216868],[-46.9148566,-18.5216868],[-46.9148566,-18.5216043],[-46.9149602,-18.5216043],[-46.9149602,-18.5213566],[-46.9151675,-18.5213566],[-46.9151675,-18.521274],[-46.9152711,-18.521274],[-46.9152711,-18.5211089],[-46.9154784,-18.5211089],[-46.9154784,-18.5208612],[-46.9155821,-18.5208612],[-46.9155821,-18.5206961],[-46.915893,-18.5206961]],[[-46.915893,-18.5213566],[-46.9157894,-18.5213566],[-46.9157894,-18.5214391],[-46.915893,-18.5214391],[-46.915893,-18.5213566]],[[-46.9157894,-18.5214391],[-46.9155821,-18.5214391],[-46.9155821,-18.5216868],[-46.9156857,-18.5216868],[-46.9156857,-18.5216043],[-46.9157894,-18.5216043],[-46.9157894,-18.5214391]],[[-46.9155821,-18.5224298],[-46.9153748,-18.5224298],[-46.9153748,-18.5225124],[-46.9155821,-18.5225124],[-46.9155821,-18.5224298]],[[-46.9156857,-18.5233379],[-46.9154784,-18.5233379],[-46.9154784,-18.5234205],[-46.9155821,-18.5234205],[-46.9155821,-18.5239159],[-46.9156857,-18.5239159],[-46.9156857,-18.5239984],[-46.9157894,-18.5239984],[-46.9157894,-18.5235856],[-46.9156857,-18.5235856],[-46.9156857,-18.5233379]]],"type":"Polygon"},"properties":{},"type":"Feature"},{"geometry":{"coordinates":[[[-46.9159966,-18.5320067],[-46.9159966,-18.5320892],[-46.915893,-18.5320892],[-46.915893,-18.5320067],[-46.9159966,-18.5320067]]],"type":"Polygon"},"properties":{},"type":"Feature"},{"geometry":{"coordinates":[[[-46.9161003,-18.5261449],[-46.9161003,-18.5262275],[-46.915893,-18.5262275],[-46.915893,-18.5261449],[-46.9161003,-18.5261449]]],"type":"Polygon"},"properties":{},"type":"Feature"},{"geometry":{"coordinates":[[[-46.9162039,-18.5320892],[-46.9162039,-18.5321718],[-46.9161003,-18.5321718],[-46.9161003,-18.5320892],[-46.9162039,-18.5320892]]],"type":"Polygon"},"properties":{},"type":"Feature"},{"geometry":{"coordinates":[[[-46.9163076,-18.5298601],[-46.9163076,-18.5299427],[-46.9166185,-18.5299427],[-46.9166185,-18.5301078],[-46.9167221,-18.5301078],[-46.9167221,-18.5302729],[-46.9168258,-18.5302729],[-46.9168258,-18.5303555],[-46.9169294,-18.5303555],[-46.9169294,-18.5306857],[-46.9170331,-18.5306857],[-46.9170331,-18.5315113],[-46.9172403,-18.5315113],[-46.9172403,-18.5315939],[-46.9174476,-18.5315939],[-46.9174476,-18.5319241],[-46.9172403,-18.5319241],[-46.9172403,-18.5318416],[-46.9169294,-18.5318416],[-46.9169294,-18.5319241],[-46.9161003,-18.5319241],[-46.9161003,-18.5318416],[-46.9159966,-18.5318416],[-46.9159966,-18.531759],[-46.915893,-18.531759],[-46.915893,-18.5320067],[-46.9157894,-18.5320067],[-46.9157894,-18.5319241],[-46.9156857,-18.5319241],[-46.9156857,-18.5316764],[-46.9155821,-18.5316764],[-46.9155821,-18.5315113],[-46.914442,-18.5315113],[-46.914442,-18.5315939],[-46.9139238,-18.5315939],[-46.9139238,-18.5316764],[-46.9138202,-18.5316764],[-46.9138202,-18.5323369],[-46.9137165,-18.5323369],[-46.9137165,-18.5322544],[-46.9136129,-18.5322544],[-46.9136129,-18.5323369],[-46.913302,-18.5323369],[-46.913302,-18.5324195],[-46.9130947,-18.5324195],[-46.9130947,-18.5325846],[-46.912991,-18.5325846],[-46.912991,-18.5321718],[-46.9128874,-18.5321718],[-46.9128874,-18.5320892],[-46.9127837,-18.5320892],[-46.9127837,-18.5320067],[-46.9121619,-18.5320067],[-46.9121619,-18.5320892],[-46.9120583,-18.5320892],[-46.9120583,-18.5321718],[-46.911851,-18.5321718],[-46.911851,-18.5322544],[-46.9113328,-18.5322544],[-46.9113328,-18.5323369],[-46.9114364,-18.5323369],[-46.9114364,-18.5324195],[-46.9110218,-18.5324195],[-46.9110218,-18.5323369],[-46.9109182,-18.5323369],[-46.9109182,-18.5324195],[-46.9108146,-18.5324195],[-46.9108146,-18.5323369],[-46.9107109,-18.5323369],[-46.9107109,-18.5322544],[-46.9110218,-18.5322544],[-46.9110218,-18.5321718],[-46.9114364,-18.5321718],[-46.9114364,-18.5320892],[-46.91154,-18.5320892],[-46.91154,-18.5320067],[-46.9119546,-18.5320067],[-46.9119546,-18.5319241],[-46.9123692,-18.5319241],[-46.9123692,-18.5318416],[-46.9126801,-18.5318416],[-46.9126801,-18.531759],[-46.9127837,-18.531759],[-46.9127837,-18.5316764],[-46.912991,-18.5316764],[-46.912991,-18.5315939],[-46.913302,-18.5315939],[-46.913302,-18.5315113],[-46.9138202,-18.5315113],[-46.9138202,-18.5314288],[-46.9139238,-18.5314288],[-46.9139238,-18.5315113],[-46.9141311,-18.5315113],[-46.9141311,-18.5314288],[-46.9143384,-18.5314288],[-46.9143384,-18.5313462],[-46.9146493,-18.5313462],[-46.9146493,-18.5314288],[-46.9148566,-18.5314288],[-46.9148566,-18.5313462],[-46.9150639,-18.5313462],[-46.9150639,-18.5311811],[-46.9151675,-18.5311811],[-46.9151675,-18.531016],[-46.9152711,-18.531016],[-46.9152711,-18.5307683],[-46.9153748,-18.5307683],[-46.9153748,-18.530438],[-46.9152711,-18.530438],[-46.9152711,-18.5299427],[-46.9157894,-18.5299427],[-46.9157894,-18.5300252],[-46.9159966,-18.5300252],[-46.9159966,-18.5299427],[-46.9162039,-18.5299427],[-46.9162039,-18.5298601],[-46.9163076,-18.5298601]],[[-46.9155821,-18.5309334],[-46.9154784,-18.5309334],[-46.9154784,-18.5310985],[-46.9155821,-18.5310985],[-46.9155821,-18.5309334]],[[-46.9156857,-18.5311811],[-46.9155821,-18.5311811],[-46.9155821,-18.5313462],[-46.9156857,-18.5313462],[-46.9156857,-18.5311811]],[[-46.9137165,-18.5315939],[-46.9135092,-18.5315939],[-46.9135092,-18.5316764],[-46.9134056,-18.5316764],[-46.9134056,-18.531759],[-46.913302,-18.531759],[-46.913302,-18.5319241],[-46.9135092,-18.5319241],[-46.9135092,-18.5318416],[-46.9137165,-18.5318416],[-46.9137165,-18.5315939]],[[-46.9131983,-18.5318416],[-46.912991,-18.5318416],[-46.912991,-18.5320067],[-46.9130947,-18.5320067],[-46.9130947,-18.5319241],[-46.9131983,-18.5319241],[-46.9131983,-18.5318416]]],"type":"Polygon"},"properties":{},"type":"Feature"},{"geometry":{"coordinates":[[[-46.9164112,-18.5322544],[-46.9164112,-18.5323369],[-46.9163076,-18.5323369],[-46.9163076,-18.5322544],[-46.9164112,-18.5322544]]],"type":"Polygon"},"properties":{},"type":"Feature"},{"geometry":{"coordinates":[[[-46.9164112,-18.5326672],[-46.9164112,-18.5328323],[-46.9161003,-18.5328323],[-46.9161003,-18.5327497],[-46.9163076,-18.5327497],[-46.9163076,-18.5326672],[-46.9164112,-18.5326672]]],"type":"Polygon"},"properties":{},"type":"Feature"},{"geometry":{"coordinates":[[[-46.9165148,-18.5258972],[-46.9165148,-18.5259798],[-46.9164112,-18.5259798],[-46.9164112,-18.5258972],[-46.9165148,-18.5258972]]],"type":"Polygon"},"properties":{},"type":"Feature"},{"geometry":{"coordinates":[[[-46.9167221,-18.5328323],[-46.9167221,-18.5329149],[-46.9169294,-18.5329149],[-46.9169294,-18.5329974],[-46.9170331,-18.5329974],[-46.9170331,-18.5334928],[-46.9171367,-18.5334928],[-46.9171367,-18.5336579],[-46.9172403,-18.5336579],[-46.9172403,-18.5337405],[-46.917344,-18.5337405],[-46.917344,-18.533823],[-46.9174476,-18.533823],[-46.9174476,-18.5339882],[-46.917344,-18.5339882],[-46.917344,-18.5341533],[-46.9172403,-18.5341533],[-46.9172403,-18.534401],[-46.9170331,-18.534401],[-46.9170331,-18.5344835],[-46.9171367,-18.5344835],[-46.9171367,-18.5347312],[-46.9175513,-18.5347312],[-46.9175513,-18.5348964],[-46.917344,-18.5348964],[-46.917344,-18.5349789],[-46.9172403,-18.5349789],[-46.9172403,-18.535144],[-46.9175513,-18.535144],[-46.9175513,-18.5363825],[-46.9169294,-18.5363825],[-46.9169294,-18.5362174],[-46.9167221,-18.5362174],[-46.9167221,-18.5363825],[-46.9163076,-18.5363825],[-46.9163076,-18.5362174],[-46.9159966,-18.5362174],[-46.9159966,-18.5360522],[-46.9157894,-18.5360522],[-46.9157894,-18.5359697],[-46.9156857,-18.5359697],[-46.9156857,-18.5360522],[-46.9155821,-18.5360522],[-46.9155821,-18.5359697],[-46.9154784,-18.5359697],[-46.9154784,-18.5358871],[-46.9153748,-18.5358871],[-46.9153748,-18.5356394],[-46.9154784,-18.5356394],[-46.9154784,-18.5353917],[-46.9155821,-18.5353917],[-46.9155821,-18.5353092],[-46.9154784,-18.5353092],[-46.9154784,-18.535144],[-46.9152711,-18.535144],[-46.9152711,-18.5352266],[-46.9153748,-18.5352266],[-46.9153748,-18.5353092],[-46.9152711,-18.5353092],[-46.9152711,-18.5353917],[-46.9150639,-18.5353917],[-46.9150639,-18.5355569],[-46.9149602,-18.5355569],[-46.9149602,-18.5352266],[-46.9145457,-18.5352266],[-46.9145457,-18.535144],[-46.914442,-18.535144],[-46.914442,-18.5352266],[-46.9139238,-18.5352266],[-46.9139238,-18.5353092],[-46.9138202,-18.5353092],[-46.9138202,-18.5353917],[-46.9136129,-18.5353917],[-46.9136129,-18.5352266],[-46.9137165,-18.5352266],[-46.9137165,-18.5350615],[-46.9138202,-18.5350615],[-46.9138202,-18.5349789],[-46.9139238,-18.5349789],[-46.9139238,-18.5348138],[-46.9140274,-18.5348138],[-46.9140274,-18.5347312],[-46.9138202,-18.5347312],[-46.9138202,-18.5348138],[-46.9137165,-18.5348138],[-46.9137165,-18.5348964],[-46.9136129,-18.5348964],[-46.9136129,-18.5347312],[-46.9137165,-18.5347312],[-46.9137165,-18.5345661],[-46.9138202,-18.5345661],[-46.9138202,-18.5343184],[-46.9140274,-18.5343184],[-46.9140274,-18.5342359],[-46.9141311,-18.5342359],[-46.9141311,-18.5339882],[-46.9142347,-18.5339882],[-46.9142347,-18.5339056],[-46.9143384,-18.5339056],[-46.9143384,-18.533823],[-46.914442,-18.533823],[-46.914442,-18.5335754],[-46.9145457,-18.5335754],[-46.9145457,-18.5334928],[-46.9146493,-18.5334928],[-46.9146493,-18.5333277],[-46.9148566,-18.5333277],[-46.9148566,-18.5331626],[-46.9149602,-18.5331626],[-46.9149602,-18.53308],[-46.9152711,-18.53308],[-46.9152711,-18.5329974],[-46.9156857,-18.5329974],[-46.9156857,-18.5329149],[-46.915893,-18.5329149],[-46.915893,-18.5328323],[-46.9161003,-18.5328323],[-46.9161003,-18.5329149],[-46.9165148,-18.5329149],[-46.9165148,-18.5328323],[-46.9167221,-18.5328323]],[[-46.915893,-18.5329974],[-46.9156857,-18.5329974],[-46.9156857,-18.5331626],[-46.9157894,-18.5331626],[-46.9157894,-18.53308],[-46.915893,-18.53308],[-46.915893,-18.5329974]],[[-46.9155821,-18.5331626],[-46.9151675,-18.5331626],[-46.9151675,-18.5333277],[-46.9148566,-18.5333277],[-46.9148566,-18.5334928],[-46.9147529,-18.5334928],[-46.9147529,-18.5337405],[-46.9145457,-18.5337405],[-46.9145457,-18.5339056],[-46.914442,-18.5339056],[-46.914442,-18.5340707],[-46.9143384,-18.5340707],[-46.9143384,-18.5341533],[-46.9142347,-18.5341533],[-46.9142347,-18.5343184],[-46.9141311,-18.5343184],[-46.9141311,-18.5344835],[-46.9143384,-18.5344835],[-46.9143384,-18.5345661],[-46.914442,-18.5345661],[-46.914442,-18.534401],[-46.9146493,-18.534401],[-46.9146493,-18.5343184],[-46.9145457,-18.5343184],[-46.9145457,-18.5342359],[-46.9146493,-18.5342359],[-46.9146493,-18.5339056],[-46.9147529,-18.5339056],[-46.9147529,-18.533823],[-46.9148566,-18.533823],[-46.9148566,-18.5336579],[-46.9150639,-18.5336579],[-46.9150639,-18.5334928],[-46.9151675,-18.5334928],[-46.9151675,-18.5334102],[-46.9153748,-18.5334102],[-46.9153748,-18.5333277],[-46.9154784,-18.5333277],[-46.9154784,-18.5332451],[-46.9155821,-18.5332451],[-46.9155821,-18.5331626]],[[-46.9161003,-18.5336579],[-46.915893,-18.5336579],[-46.915893,-18.5337405],[-46.9157894,-18.5337405],[-46.9157894,-18.533823],[-46.915893,-18.533823],[-46.915893,-18.5339056],[-46.9159966,-18.5339056],[-46.9159966,-18.533823],[-46.9161003,-18.533823],[-46.9161003,-18.5336579]],[[-46.9156857,-18.533823],[-46.9154784,-18.533823],[-46.9154784,-18.5339056],[-46.9153748,-18.5339056],[-46.9153748,-18.5339882],[-46.9151675,-18.5339882],[-46.9151675,-18.5340707],[-46.9150639,-18.5340707],[-46.9150639,-18.5343184],[-46.9149602,-18.5343184],[-46.9149602,-18.5345661],[-46.9151675,-18.5345661],[-46.9151675,-18.534401],[-46.9152711,-18.534401],[-46.9152711,-18.5345661],[-46.9154784,-18.5345661],[-46.9154784,-18.5348964],[-46.9155821,-18.5348964],[-46.9155821,-18.5348138],[-46.9156857,-18.5348138],[-46.9156857,-18.5346487],[-46.9155821,-18.5346487],[-46.9155821,-18.5345661],[-46.9157894,-18.5345661],[-46.9157894,-18.5344835],[-46.9156857,-18.5344835],[-46.9156857,-18.534401],[-46.9155821,-18.534401],[-46.9155821,-18.5343184],[-46.9156857,-18.5343184],[-46.9156857,-18.5342359],[-46.915893,-18.5342359],[-46.915893,-18.5340707],[-46.9157894,-18.5340707],[-46.9157894,-18.5339882],[-46.9156857,-18.5339882],[-46.9156857,-18.533823]],[[-46.9149602,-18.5345661],[-46.9148566,-18.5345661],[-46.9148566,-18.5346487],[-46.9149602,-18.5346487],[-46.9149602,-18.5345661]],[[-46.9151675,-18.5346487],[-46.9149602,-18.5346487],[-46.9149602,-18.5347312],[-46.9148566,-18.5347312],[-46.9148566,-18.5348138],[-46.9146493,-18.5348138],[-46.9146493,-18.535144],[-46.9147529,-18.535144],[-46.9147529,-18.5349789],[-46.9149602,-18.5349789],[-46.9149602,-18.535144],[-46.9151675,-18.535144],[-46.9151675,-18.5348964],[-46.9152711,-18.5348964],[-46.9152711,-18.5348138],[-46.9151675,-18.5348138],[-46.9151675,-18.5346487]],[[-46.9159966,-18.5347312],[-46.915893,-18.5347312],[-46.915893,-18.5348138],[-46.9157894,-18.5348138],[-46.9157894,-18.5348964],[-46.9159966,-18.5348964],[-46.9159966,-18.5347312]],[[-46.9168258,-18.5349789],[-46.9167221,-18.5349789],[-46.9167221,-18.5350615],[-46.9166185,-18.5350615],[-46.9166185,-18.5352266],[-46.9169294,-18.5352266],[-46.9169294,-18.535144],[-46.9168258,-18.535144],[-46.9168258,-18.5349789]],[[-46.9171367,-18.5350615],[-46.9170331,-18.5350615],[-46.9170331,-18.5352266],[-46.9171367,-18.5352266],[-46.9171367,-18.5350615]],[[-46.9151675,-18.5352266],[-46.9150639,-18.5352266],[-46.9150639,-18.5353092],[-46.9151675,-18.5353092],[-46.9151675,-18.5352266]],[[-46.9167221,-18.5353092],[-46.9165148,-18.5353092],[-46.9165148,-18.5353917],[-46.9167221,-18.5353917],[-46.9167221,-18.5353092]],[[-46.9172403,-18.5358046],[-46.9171367,-18.5358046],[-46.9171367,-18.5359697],[-46.917344,-18.5359697],[-46.917344,-18.5358871],[-46.9172403,-18.5358871],[-46.9172403,-18.5358046]]],"type":"Polygon"},"properties":{},"type":"Feature"},{"geometry":{"coordinates":[[[-46.9169294,-18.5284566],[-46.9169294,-18.5285391],[-46.9167221,-18.5285391],[-46.9167221,-18.5284566],[-46.9169294,-18.5284566]]],"type":"Polygon"},"properties":{},"type":"Feature"},{"geometry":{"coordinates":[[[-46.9169294,-18.5288694],[-46.9169294,-18.5289519],[-46.9168258,-18.5289519],[-46.9168258,-18.5288694],[-46.9169294,-18.5288694]]],"type":"Polygon"},"properties":{},"type":"Feature"},{"geometry":{"coordinates":[[[-46.9170331,-18.5204485],[-46.9170331,-18.5206961],[-46.9171367,-18.5206961],[-46.9171367,-18.5206136],[-46.9172403,-18.5206136],[-46.9172403,-18.5208612],[-46.9170331,-18.5208612],[-46.9170331,-18.5207787],[-46.9169294,-18.5207787],[-46.9169294,-18.5208612],[-46.9168258,-18.5208612],[-46.9168258,-18.520531],[-46.9169294,-18.520531],[-46.9169294,-18.5204485],[-46.9170331,-18.5204485]]],"type":"Polygon"},"properties":{},"type":"Feature"},{"geometry":{"coordinates":[[[-46.9170331,-18.5249065],[-46.9170331,-18.5250717],[-46.9171367,-18.5250717],[-46.9171367,-18.5254019],[-46.9169294,-18.5254019],[-46.9169294,-18.5256496],[-46.9168258,-18.5256496],[-46.9168258,-18.5257321],[-46.9167221,-18.5257321],[-46.9167221,-18.5258147],[-46.9166185,-18.5258147],[-46.9166185,-18.5257321],[-46.9165148,-18.5257321],[-46.9165148,-18.5256496],[-46.9167221,-18.5256496],[-46.9167221,-18.5254019],[-46.9168258,-18.5254019],[-46.9168258,-18.5253193],[-46.9169294,-18.5253193],[-46.9169294,-18.5249065],[-46.9170331,-18.5249065]]],"type":"Polygon"},"properties":{},"type":"Feature"},{"geometry":{"coordinates":[[[-46.9171367,-18.5286217],[-46.9171367,-18.5287868],[-46.9170331,-18.5287868],[-46.9170331,-18.5288694],[-46.9169294,-18.5288694],[-46.9169294,-18.5287868],[-46.9168258,-18.5287868],[-46.9168258,-18.5286217],[-46.9171367,-18.5286217]]],"type":"Polygon"},"properties":{},"type":"Feature"},{"geometry":{"coordinates":[[[-46.9171367,-18.5306031],[-46.9171367,-18.5306857],[-46.9170331,-18.5306857],[-46.9170331,-18.5306031],[-46.9171367,-18.5306031]]],"type":"Polygon"},"properties":{},"type":"Feature"},{"geometry":{"coordinates":[[[-46.9172403,-18.5211089],[-46.9172403,-18.5213566],[-46.9171367,-18.5213566],[-46.9171367,-18.5214391],[-46.9170331,-18.5214391],[-46.9170331,-18.521274],[-46.9169294,-18.521274],[-46.9169294,-18.5211915],[-46.9171367,-18.5211915],[-46.9171367,-18.5211089],[-46.9172403,-18.5211089]]],"type":"Polygon"},"properties":{},"type":"Feature"},{"geometry":{"coordinates":[[[-46.917344,-18.5177241],[-46.917344,-18.5180544],[-46.9171367,-18.5180544],[-46.9171367,-18.5179718],[-46.9170331,-18.5179718],[-46.9170331,-18.5178067],[-46.9172403,-18.5178067],[-46.9172403,-18.5177241],[-46.917344,-18.5177241]]],"type":"Polygon"},"properties":{},"type":"Feature"},{"geometry":{"coordinates":[[[-46.917344,-18.5181369],[-46.917344,-18.518302],[-46.9172403,-18.518302],[-46.9172403,-18.5181369],[-46.917344,-18.5181369]]],"type":"Polygon"},"properties":{},"type":"Feature"},{"geometry":{"coordinates":[[[-46.917344,-18.5208612],[-46.917344,-18.5209438],[-46.9172403,-18.5209438],[-46.9172403,-18.5208612],[-46.917344,-18.5208612]]],"type":"Polygon"},"properties":{},"type":"Feature"},{"geometry":{"coordinates":[[[-46.917344,-18.5213566],[-46.917344,-18.5214391],[-46.9172403,-18.5214391],[-46.9172403,-18.5213566],[-46.917344,-18.5213566]]],"type":"Polygon"},"properties":{},"type":"Feature"},{"geometry":{"coordinates":[[[-46.917344,-18.5219345],[-46.917344,-18.522017],[-46.9172403,-18.522017],[-46.9172403,-18.5219345],[-46.917344,-18.5219345]]],"type":"Polygon"},"properties":{},"type":"Feature"},{"geometry":{"coordinates":[[[-46.9174476,-18.5214391],[-46.9174476,-18.5215217],[-46.917344,-18.5215217],[-46.917344,-18.5214391],[-46.9174476,-18.5214391]]],"type":"Polygon"},"properties":{},"type":"Feature"},{"geometry":{"coordinates":[[[-46.9174476,-18.5220996],[-46.9174476,-18.5221821],[-46.917344,-18.5221821],[-46.917344,-18.5220996],[-46.9174476,-18.5220996]]],"type":"Polygon"},"properties":{},"type":"Feature"},{"geometry":{"coordinates":[[[-46.9174476,-18.5239159],[-46.9174476,-18.5243286],[-46.917344,-18.5243286],[-46.917344,-18.5242461],[-46.9172403,-18.5242461],[-46.9172403,-18.5239984],[-46.917344,-18.5239984],[-46.917344,-18.5239159],[-46.9174476,-18.5239159]]],"type":"Polygon"},"properties":{},"type":"Feature"}],"type":"FeatureCollection"}
